;day;hour;grid_price;local_price;market_pressure;microgrid_demand;microgrid_supply;energy_delta;battery_state
0;01-01-2024;0;0.1974;0.18739999999999998;;2.7833725665291245;0.0;-2.7833725665291245;0.0
1;01-01-2024;1;0.1974;0.18739999999999998;;2.624892260829495;0.0;-2.624892260829495;0.0
2;01-01-2024;2;0.1974;0.18739999999999998;;2.752740324233193;0.0;-2.752740324233193;0.0
3;01-01-2024;3;0.1974;0.18739999999999998;;2.7730756659590443;0.0;-2.7730756659590443;0.0
4;01-01-2024;4;0.1974;0.18739999999999998;;2.7155541987453944;0.0;-2.7155541987453944;0.0
5;01-01-2024;5;0.1974;0.18739999999999998;;2.7651447394146262;0.0;-2.7651447394146262;0.0
6;01-01-2024;6;0.1974;0.18739999999999998;;13.121691799466266;0.0;-13.121691799466266;0.0
7;01-01-2024;7;0.1974;0.18739999999999998;;13.561508632193151;0.0;-13.561508632193151;0.0
8;01-01-2024;8;0.1974;0.18739999999999998;;13.611198795380949;0.0;-13.611198795380949;0.0
9;01-01-2024;9;0.1974;0.18739999999999998;;14.882886965916073;0.0;-14.882886965916073;0.0
10;01-01-2024;10;0.1974;0.18739999999999998;;9.042829219769287;0.0;-9.042829219769287;0.0
11;01-01-2024;11;0.1974;0.18739999999999998;;9.15722985535245;0.0;-9.15722985535245;0.0
12;01-01-2024;12;0.1974;0.18739999999999998;;16.365885565500566;0.0;-16.365885565500566;0.0
13;01-01-2024;13;0.1974;0.18739999999999998;;12.107961184460065;0.0;-12.107961184460065;0.0
14;01-01-2024;14;0.1974;0.18739999999999998;;13.656344687388671;0.0;-13.656344687388671;0.0
15;01-01-2024;15;0.1974;0.18739999999999998;;16.056520896817446;0.0;-16.056520896817446;0.0
16;01-01-2024;16;0.1974;0.18739999999999998;;15.774331010468273;0.0;-15.774331010468273;0.0
17;01-01-2024;17;0.1974;0.18739999999999998;;17.149959921852783;0.0;-17.149959921852783;0.0
18;01-01-2024;18;0.1974;0.18739999999999998;;24.068198768659954;0.0;-24.068198768659954;0.0
19;01-01-2024;19;0.1974;0.18739999999999998;;24.249092943936454;0.0;-24.249092943936454;0.0
20;01-01-2024;20;0.1974;0.18739999999999998;;21.302474626271554;0.0;-21.302474626271554;0.0
21;01-01-2024;21;0.1974;0.18739999999999998;;21.18819882252208;0.0;-21.18819882252208;0.0
22;01-01-2024;22;0.1974;0.18739999999999998;;21.21014178602767;0.0;-21.21014178602767;0.0
23;01-01-2024;23;0.1974;0.18739999999999998;;21.93833780900879;0.0;-21.93833780900879;0.0
24;02-01-2024;0;0.1976;0.19046;;2.69003069585955;0.0;-2.69003069585955;0.0
25;02-01-2024;1;0.1976;0.19046;;2.7265320027217714;0.0;-2.7265320027217714;0.0
26;02-01-2024;2;0.1976;0.19046;;2.6797074443548765;0.0;-2.6797074443548765;0.0
27;02-01-2024;3;0.1976;0.19046;;2.7472593192396335;0.0;-2.7472593192396335;0.0
28;02-01-2024;4;0.1976;0.19046;;2.6871387751769493;0.0;-2.6871387751769493;0.0
29;02-01-2024;5;0.1976;0.19046;;2.779030685698312;0.0;-2.779030685698312;0.0
30;02-01-2024;6;0.1976;0.19046;;13.016419714852942;0.0;-13.016419714852942;0.0
31;02-01-2024;7;0.1976;0.19046;;13.852523130153935;0.0;-13.852523130153935;0.0
32;02-01-2024;8;0.1976;0.19046;;12.992716881499552;0.0;-12.992716881499552;0.0
33;02-01-2024;9;0.1976;0.19046;;12.565954267328545;0.0;-12.565954267328545;0.0
34;02-01-2024;10;0.1976;0.19046;;12.661389680683655;0.0;-12.661389680683655;0.0
35;02-01-2024;11;0.1976;0.19046;;12.795982853865967;0.0;-12.795982853865967;0.0
36;02-01-2024;12;0.1976;0.19046;;15.442283581423233;0.0;-15.442283581423233;0.0
37;02-01-2024;13;0.1976;0.19046;;16.834430153179078;0.0;-16.834430153179078;0.0
38;02-01-2024;14;0.1976;0.19046;;18.36084410334474;0.0;-18.36084410334474;0.0
39;02-01-2024;15;0.1976;0.19046;;17.69707502798978;0.0;-17.69707502798978;0.0
40;02-01-2024;16;0.1976;0.19046;;16.566394065945474;0.0;-16.566394065945474;0.0
41;02-01-2024;17;0.1976;0.19046;;18.45610239808831;0.0;-18.45610239808831;0.0
42;02-01-2024;18;0.1976;0.19046;;20.694168140392982;0.0;-20.694168140392982;0.0
43;02-01-2024;19;0.1976;0.19046;;22.54819708190807;0.0;-22.54819708190807;0.0
44;02-01-2024;20;0.1976;0.19046;;24.765317149069944;0.0;-24.765317149069944;0.0
45;02-01-2024;21;0.1976;0.19046;;23.735853814823262;0.0;-23.735853814823262;0.0
46;02-01-2024;22;0.1976;0.19046;;21.307390942024043;0.0;-21.307390942024043;0.0
47;02-01-2024;23;0.1976;0.19046;;21.46722255471063;0.0;-21.46722255471063;0.0
48;03-01-2024;0;0.1972;0.192482;;2.754010384660099;0.0;-2.754010384660099;0.0
49;03-01-2024;1;0.1972;0.192482;;2.7119417844142615;0.0;-2.7119417844142615;0.0
50;03-01-2024;2;0.1972;0.192482;;2.7993861052050213;0.0;-2.7993861052050213;0.0
51;03-01-2024;3;0.1972;0.192482;;2.744725760933469;0.0;-2.744725760933469;0.0
52;03-01-2024;4;0.1972;0.192482;;2.6961840969143047;0.0;-2.6961840969143047;0.0
53;03-01-2024;5;0.1972;0.192482;;2.7759575456935064;0.0;-2.7759575456935064;0.0
54;03-01-2024;6;0.1972;0.192482;;16.288358238834444;0.0;-16.288358238834444;0.0
55;03-01-2024;7;0.1972;0.192482;;13.759103236772349;0.0;-13.759103236772349;0.0
56;03-01-2024;8;0.1972;0.192482;;13.170622001157145;0.0;-13.170622001157145;0.0
57;03-01-2024;9;0.1972;0.192482;;14.326255514132285;0.0;-14.326255514132285;0.0
58;03-01-2024;10;0.1972;0.192482;;10.805334944654103;0.0;-10.805334944654103;0.0
59;03-01-2024;11;0.1972;0.192482;;8.025889129127647;0.0;-8.025889129127647;0.0
60;03-01-2024;12;0.1972;0.192482;;13.692835618417723;0.0;-13.692835618417723;0.0
61;03-01-2024;13;0.1972;0.192482;;13.952244175608543;0.0;-13.952244175608543;0.0
62;03-01-2024;14;0.1972;0.192482;;17.54055895017565;0.0;-17.54055895017565;0.0
63;03-01-2024;15;0.1972;0.192482;;16.33530541712095;0.0;-16.33530541712095;0.0
64;03-01-2024;16;0.1972;0.192482;;16.58029299229264;0.0;-16.58029299229264;0.0
65;03-01-2024;17;0.1972;0.192482;;16.31113280202533;0.0;-16.31113280202533;0.0
66;03-01-2024;18;0.1972;0.192482;;22.00186295919148;0.0;-22.00186295919148;0.0
67;03-01-2024;19;0.1972;0.192482;;24.263845121647055;0.0;-24.263845121647055;0.0
68;03-01-2024;20;0.1972;0.192482;;23.3204100404707;0.0;-23.3204100404707;0.0
69;03-01-2024;21;0.1972;0.192482;;22.11949592895016;0.0;-22.11949592895016;0.0
70;03-01-2024;22;0.1972;0.192482;;22.21291468480519;0.0;-22.21291468480519;0.0
71;03-01-2024;23;0.1972;0.192482;;21.897406815980595;0.0;-21.897406815980595;0.0
72;04-01-2024;0;0.1969;0.19380739999999996;;2.7019592830173447;0.0;-2.7019592830173447;0.0
73;04-01-2024;1;0.1969;0.19380739999999996;;2.678672069181154;0.0;-2.678672069181154;0.0
74;04-01-2024;2;0.1969;0.19380739999999996;;2.7487256976126044;0.0;-2.7487256976126044;0.0
75;04-01-2024;3;0.1969;0.19380739999999996;;2.7345277279860247;0.0;-2.7345277279860247;0.0
76;04-01-2024;4;0.1969;0.19380739999999996;;2.74370592192604;0.0;-2.74370592192604;0.0
77;04-01-2024;5;0.1969;0.19380739999999996;;2.7321817832869386;0.0;-2.7321817832869386;0.0
78;04-01-2024;6;0.1969;0.19380739999999996;;13.597431033606519;0.0;-13.597431033606519;0.0
79;04-01-2024;7;0.1969;0.19380739999999996;;16.982716783638356;0.0;-16.982716783638356;0.0
80;04-01-2024;8;0.1969;0.19380739999999996;;12.772439460195875;0.0;-12.772439460195875;0.0
81;04-01-2024;9;0.1969;0.19380739999999996;;13.458031745743625;0.0;-13.458031745743625;0.0
82;04-01-2024;10;0.1969;0.19380739999999996;;9.196794330500023;0.0;-9.196794330500023;0.0
83;04-01-2024;11;0.1969;0.19380739999999996;;11.352931703137465;0.0;-11.352931703137465;0.0
84;04-01-2024;12;0.1969;0.19380739999999996;;12.775822629329932;0.0;-12.775822629329932;0.0
85;04-01-2024;13;0.1969;0.19380739999999996;;11.946651599268085;0.0;-11.946651599268085;0.0
86;04-01-2024;14;0.1969;0.19380739999999996;;17.57748656715583;0.0;-17.57748656715583;0.0
87;04-01-2024;15;0.1969;0.19380739999999996;;15.578150641209609;0.0;-15.578150641209609;0.0
88;04-01-2024;16;0.1969;0.19380739999999996;;18.92813762269803;0.0;-18.92813762269803;0.0
89;04-01-2024;17;0.1969;0.19380739999999996;;16.235513880692253;0.0;-16.235513880692253;0.0
90;04-01-2024;18;0.1969;0.19380739999999996;;23.468190918122307;0.0;-23.468190918122307;0.0
91;04-01-2024;19;0.1969;0.19380739999999996;;22.054244251245606;0.0;-22.054244251245606;0.0
92;04-01-2024;20;0.1969;0.19380739999999996;;21.926933573763655;0.0;-21.926933573763655;0.0
93;04-01-2024;21;0.1969;0.19380739999999996;;21.861203126362014;0.0;-21.861203126362014;0.0
94;04-01-2024;22;0.1969;0.19380739999999996;;21.29321957236139;0.0;-21.29321957236139;0.0
95;04-01-2024;23;0.1969;0.19380739999999996;;21.653655687541693;0.0;-21.653655687541693;0.0
96;05-01-2024;0;0.1971;0.19479517999999996;;2.6731443012821607;0.0;-2.6731443012821607;0.0
97;05-01-2024;1;0.1971;0.19479517999999996;;2.69058214751544;0.0;-2.69058214751544;0.0
98;05-01-2024;2;0.1971;0.19479517999999996;;2.7378319429690308;0.0;-2.7378319429690308;0.0
99;05-01-2024;3;0.1971;0.19479517999999996;;2.698759465382574;0.0;-2.698759465382574;0.0
100;05-01-2024;4;0.1971;0.19479517999999996;;2.727367505261887;0.0;-2.727367505261887;0.0
101;05-01-2024;5;0.1971;0.19479517999999996;;2.8312850454177307;0.0;-2.8312850454177307;0.0
102;05-01-2024;6;0.1971;0.19479517999999996;;16.395506059068705;0.0;-16.395506059068705;0.0
103;05-01-2024;7;0.1971;0.19479517999999996;;13.43951206726001;0.0;-13.43951206726001;0.0
104;05-01-2024;8;0.1971;0.19479517999999996;;13.18394095890881;0.0;-13.18394095890881;0.0
105;05-01-2024;9;0.1971;0.19479517999999996;;12.055227065176842;0.0;-12.055227065176842;0.0
106;05-01-2024;10;0.1971;0.19479517999999996;;10.85132176963064;0.0;-10.85132176963064;0.0
107;05-01-2024;11;0.1971;0.19479517999999996;;12.60500688657631;0.0;-12.60500688657631;0.0
108;05-01-2024;12;0.1971;0.19479517999999996;;14.161332527648314;0.0;-14.161332527648314;0.0
109;05-01-2024;13;0.1971;0.19479517999999996;;16.723107583618457;0.0;-16.723107583618457;0.0
110;05-01-2024;14;0.1971;0.19479517999999996;;14.564903032139972;0.0;-14.564903032139972;0.0
111;05-01-2024;15;0.1971;0.19479517999999996;;15.67992861698419;0.0;-15.67992861698419;0.0
112;05-01-2024;16;0.1971;0.19479517999999996;;16.439759664428543;0.0;-16.439759664428543;0.0
113;05-01-2024;17;0.1971;0.19479517999999996;;16.06665681766573;0.0;-16.06665681766573;0.0
114;05-01-2024;18;0.1971;0.19479517999999996;;23.65098773864859;0.0;-23.65098773864859;0.0
115;05-01-2024;19;0.1971;0.19479517999999996;;22.047863161521214;0.0;-22.047863161521214;0.0
116;05-01-2024;20;0.1971;0.19479517999999996;;21.887648769438965;0.0;-21.887648769438965;0.0
117;05-01-2024;21;0.1971;0.19479517999999996;;22.225704532484396;0.0;-22.225704532484396;0.0
118;05-01-2024;22;0.1971;0.19479517999999996;;21.8777709977971;0.0;-21.8777709977971;0.0
119;05-01-2024;23;0.1971;0.19479517999999996;;21.783938668797266;0.0;-21.783938668797266;0.0
120;06-01-2024;0;0.1967;0.19536662599999996;;2.7392262761659603;0.0;-2.7392262761659603;0.0
121;06-01-2024;1;0.1967;0.19536662599999996;;2.6719046900374974;0.0;-2.6719046900374974;0.0
122;06-01-2024;2;0.1967;0.19536662599999996;;2.7115595050087187;0.0;-2.7115595050087187;0.0
123;06-01-2024;3;0.1967;0.19536662599999996;;2.6900447322073204;0.0;-2.6900447322073204;0.0
124;06-01-2024;4;0.1967;0.19536662599999996;;2.7867702557414415;0.0;-2.7867702557414415;0.0
125;06-01-2024;5;0.1967;0.19536662599999996;;2.781563108353226;0.0;-2.781563108353226;0.0
126;06-01-2024;6;0.1967;0.19536662599999996;;15.795381014511886;0.0;-15.795381014511886;0.0
127;06-01-2024;7;0.1967;0.19536662599999996;;15.309317623162595;0.0;-15.309317623162595;0.0
128;06-01-2024;8;0.1967;0.19536662599999996;;12.87401198793559;0.0;-12.87401198793559;0.0
129;06-01-2024;9;0.1967;0.19536662599999996;;14.100914765065578;0.0;-14.100914765065578;0.0
130;06-01-2024;10;0.1967;0.19536662599999996;;11.467084149757811;0.0;-11.467084149757811;0.0
131;06-01-2024;11;0.1967;0.19536662599999996;;11.288676042406605;0.0;-11.288676042406605;0.0
132;06-01-2024;12;0.1967;0.19536662599999996;;12.842152452964546;0.0;-12.842152452964546;0.0
133;06-01-2024;13;0.1967;0.19536662599999996;;14.057700472401605;0.0;-14.057700472401605;0.0
134;06-01-2024;14;0.1967;0.19536662599999996;;17.86809714803482;0.0;-17.86809714803482;0.0
135;06-01-2024;15;0.1967;0.19536662599999996;;15.502361035172768;0.0;-15.502361035172768;0.0
136;06-01-2024;16;0.1967;0.19536662599999996;;16.34771660750347;0.0;-16.34771660750347;0.0
137;06-01-2024;17;0.1967;0.19536662599999996;;16.250561105276095;0.0;-16.250561105276095;0.0
138;06-01-2024;18;0.1967;0.19536662599999996;;21.25731330764166;0.0;-21.25731330764166;0.0
139;06-01-2024;19;0.1967;0.19536662599999996;;22.058128839910353;0.0;-22.058128839910353;0.0
140;06-01-2024;20;0.1967;0.19536662599999996;;21.681648042883555;0.0;-21.681648042883555;0.0
141;06-01-2024;21;0.1967;0.19536662599999996;;21.797193908834338;0.0;-21.797193908834338;0.0
142;06-01-2024;22;0.1967;0.19536662599999996;;21.98072127316179;0.0;-21.98072127316179;0.0
143;06-01-2024;23;0.1967;0.19536662599999996;;22.05887791384646;0.0;-22.05887791384646;0.0
144;07-01-2024;0;0.1963;0.19564663819999997;;2.7845058610396594;0.0;-2.7845058610396594;0.0
145;07-01-2024;1;0.1963;0.19564663819999997;;2.731772658987996;0.0;-2.731772658987996;0.0
146;07-01-2024;2;0.1963;0.19564663819999997;;2.7023744936212317;0.0;-2.7023744936212317;0.0
147;07-01-2024;3;0.1963;0.19564663819999997;;2.6844525783468547;0.0;-2.6844525783468547;0.0
148;07-01-2024;4;0.1963;0.19564663819999997;;2.7767427995232765;0.0;-2.7767427995232765;0.0
149;07-01-2024;5;0.1963;0.19564663819999997;;2.7578530505459935;0.0;-2.7578530505459935;0.0
150;07-01-2024;6;0.1963;0.19564663819999997;;13.064433957615043;0.0;-13.064433957615043;0.0
151;07-01-2024;7;0.1963;0.19564663819999997;;13.67619366909711;0.0;-13.67619366909711;0.0
152;07-01-2024;8;0.1963;0.19564663819999997;;13.710633893023235;0.0;-13.710633893023235;0.0
153;07-01-2024;9;0.1963;0.19564663819999997;;12.37705141542936;0.0;-12.37705141542936;0.0
154;07-01-2024;10;0.1963;0.19564663819999997;;15.043576253177216;0.0;-15.043576253177216;0.0
155;07-01-2024;11;0.1963;0.19564663819999997;;10.028804736553665;0.0;-10.028804736553665;0.0
156;07-01-2024;12;0.1963;0.19564663819999997;;9.458780784962753;0.0;-9.458780784962753;0.0
157;07-01-2024;13;0.1963;0.19564663819999997;;9.46876731314037;0.0;-9.46876731314037;0.0
158;07-01-2024;14;0.1963;0.19564663819999997;;15.974453022676947;0.0;-15.974453022676947;0.0
159;07-01-2024;15;0.1963;0.19564663819999997;;15.520870564804197;0.0;-15.520870564804197;0.0
160;07-01-2024;16;0.1963;0.19564663819999997;;18.358741630722324;0.0;-18.358741630722324;0.0
161;07-01-2024;17;0.1963;0.19564663819999997;;20.38406997779545;0.0;-20.38406997779545;0.0
162;07-01-2024;18;0.1963;0.19564663819999997;;21.561451152181757;0.0;-21.561451152181757;0.0
163;07-01-2024;19;0.1963;0.19564663819999997;;21.837384288395803;0.0;-21.837384288395803;0.0
164;07-01-2024;20;0.1963;0.19564663819999997;;21.616369574264603;0.0;-21.616369574264603;0.0
165;07-01-2024;21;0.1963;0.19564663819999997;;23.24468284742304;0.0;-23.24468284742304;0.0
166;07-01-2024;22;0.1963;0.19564663819999997;;21.79322753067003;0.0;-21.79322753067003;0.0
167;07-01-2024;23;0.1963;0.19564663819999997;;21.879539768693025;0.0;-21.879539768693025;0.0
168;08-01-2024;0;0.1962;0.19581264673999996;;2.7692098910993486;0.0;-2.7692098910993486;0.0
169;08-01-2024;1;0.1962;0.19581264673999996;;2.714453685878048;0.0;-2.714453685878048;0.0
170;08-01-2024;2;0.1962;0.19581264673999996;;2.717452430646491;0.0;-2.717452430646491;0.0
171;08-01-2024;3;0.1962;0.19581264673999996;;2.7113399897909676;0.0;-2.7113399897909676;0.0
172;08-01-2024;4;0.1962;0.19581264673999996;;2.704783294583204;0.0;-2.704783294583204;0.0
173;08-01-2024;5;0.1962;0.19581264673999996;;2.6782490704511224;0.0;-2.6782490704511224;0.0
174;08-01-2024;6;0.1962;0.19581264673999996;;13.721902790733534;0.0;-13.721902790733534;0.0
175;08-01-2024;7;0.1962;0.19581264673999996;;14.28331197868122;0.0;-14.28331197868122;0.0
176;08-01-2024;8;0.1962;0.19581264673999996;;12.907524225314372;0.0;-12.907524225314372;0.0
177;08-01-2024;9;0.1962;0.19581264673999996;;12.856200670611395;0.0;-12.856200670611395;0.0
178;08-01-2024;10;0.1962;0.19581264673999996;;9.55769351638873;0.0;-9.55769351638873;0.0
179;08-01-2024;11;0.1962;0.19581264673999996;;9.432480207863357;0.0;-9.432480207863357;0.0
180;08-01-2024;12;0.1962;0.19581264673999996;;10.453715157803787;0.0;-10.453715157803787;0.0
181;08-01-2024;13;0.1962;0.19581264673999996;;10.075399793847687;0.0;-10.075399793847687;0.0
182;08-01-2024;14;0.1962;0.19581264673999996;;16.18577491699069;0.0;-16.18577491699069;0.0
183;08-01-2024;15;0.1962;0.19581264673999996;;15.145717900083536;0.0;-15.145717900083536;0.0
184;08-01-2024;16;0.1962;0.19581264673999996;;18.10155950956956;0.0;-18.10155950956956;0.0
185;08-01-2024;17;0.1962;0.19581264673999996;;16.292184847782675;0.0;-16.292184847782675;0.0
186;08-01-2024;18;0.1962;0.19581264673999996;;21.732232172453873;0.0;-21.732232172453873;0.0
187;08-01-2024;19;0.1962;0.19581264673999996;;22.026317482914422;0.0;-22.026317482914422;0.0
188;08-01-2024;20;0.1962;0.19581264673999996;;21.677332039674233;0.0;-21.677332039674233;0.0
189;08-01-2024;21;0.1962;0.19581264673999996;;22.299870239207014;0.0;-22.299870239207014;0.0
190;08-01-2024;22;0.1962;0.19581264673999996;;22.0435343693886;0.0;-22.0435343693886;0.0
191;08-01-2024;23;0.1962;0.19581264673999996;;22.08570942770821;0.0;-22.08570942770821;0.0
192;09-01-2024;0;0.1951;0.1951;;2.717291276840561;0.0;-2.717291276840561;0.0
193;09-01-2024;1;0.1951;0.1951;;2.7446833271834055;0.0;-2.7446833271834055;0.0
194;09-01-2024;2;0.1951;0.1951;;2.7007822901893666;0.0;-2.7007822901893666;0.0
195;09-01-2024;3;0.1951;0.1951;;2.752377645009016;0.0;-2.752377645009016;0.0
196;09-01-2024;4;0.1951;0.1951;;2.6873590718930194;0.0;-2.6873590718930194;0.0
197;09-01-2024;5;0.1951;0.1951;;2.798650808601807;0.0;-2.798650808601807;0.0
198;09-01-2024;6;0.1951;0.1951;;13.442226156358503;0.0;-13.442226156358503;0.0
199;09-01-2024;7;0.1951;0.1951;;13.539863760965149;0.0;-13.539863760965149;0.0
200;09-01-2024;8;0.1951;0.1951;;14.181325937910415;0.0;-14.181325937910415;0.0
201;09-01-2024;9;0.1951;0.1951;;7.0184002474248315;0.0;-7.0184002474248315;0.0
202;09-01-2024;10;0.1951;0.1951;;3.399377424272318;0.0;-3.399377424272318;0.0
203;09-01-2024;11;0.1951;0.1951;;1.3352728936749607;0.0;-1.3352728936749607;0.0
204;09-01-2024;12;0.1951;0.1951;;8.19963467530018;0.0;-8.19963467530018;0.0
205;09-01-2024;13;0.1951;0.1951;;8.702220457658957;0.0;-8.702220457658957;0.0
206;09-01-2024;14;0.1951;0.1951;;9.379114962076507;0.0;-9.379114962076507;0.0
207;09-01-2024;15;0.1951;0.1951;;14.07550720232694;0.0;-14.07550720232694;0.0
208;09-01-2024;16;0.1951;0.1951;;16.149992689432953;0.0;-16.149992689432953;0.0
209;09-01-2024;17;0.1951;0.1951;;16.954211864219847;0.0;-16.954211864219847;0.0
210;09-01-2024;18;0.1951;0.1951;;23.55708010941234;0.0;-23.55708010941234;0.0
211;09-01-2024;19;0.1951;0.1951;;22.181417953685756;0.0;-22.181417953685756;0.0
212;09-01-2024;20;0.1951;0.1951;;21.579721826386198;0.0;-21.579721826386198;0.0
213;09-01-2024;21;0.1951;0.1951;;20.972340936082546;0.0;-20.972340936082546;0.0
214;09-01-2024;22;0.1951;0.1951;;24.59852602129271;0.0;-24.59852602129271;0.0
215;09-01-2024;23;0.1951;0.1951;;21.556091666939697;0.0;-21.556091666939697;0.0
216;10-01-2024;0;0.195;0.195;;2.673245377496177;0.0;-2.673245377496177;0.0
217;10-01-2024;1;0.195;0.195;;2.7966436577671887;0.0;-2.7966436577671887;0.0
218;10-01-2024;2;0.195;0.195;;2.598724869745449;0.0;-2.598724869745449;0.0
219;10-01-2024;3;0.195;0.195;;2.765213522328877;0.0;-2.765213522328877;0.0
220;10-01-2024;4;0.195;0.195;;2.7926156239216957;0.0;-2.7926156239216957;0.0
221;10-01-2024;5;0.195;0.195;;2.720707051807756;0.0;-2.720707051807756;0.0
222;10-01-2024;6;0.195;0.195;;13.564295437718885;0.0;-13.564295437718885;0.0
223;10-01-2024;7;0.195;0.195;;13.34106877557094;0.0;-13.34106877557094;0.0
224;10-01-2024;8;0.195;0.195;;11.980031501744483;0.0;-11.980031501744483;0.0
225;10-01-2024;9;0.195;0.195;;7.324304174425029;0.0;-7.324304174425029;0.0
226;10-01-2024;10;0.195;0.195;;6.148712024265902;0.0;-6.148712024265902;0.0
227;10-01-2024;11;0.195;0.195;;1.3734274502238724;0.0;-1.3734274502238724;0.0
228;10-01-2024;12;0.195;0.195;;4.204334842155309;0.0;-4.204334842155309;0.0
229;10-01-2024;13;0.195;0.195;;10.92283889071552;0.0;-10.92283889071552;0.0
230;10-01-2024;14;0.195;0.195;;15.560908757090376;0.0;-15.560908757090376;0.0
231;10-01-2024;15;0.195;0.195;;17.08863593285034;0.0;-17.08863593285034;0.0
232;10-01-2024;16;0.195;0.195;;15.956003673305794;0.0;-15.956003673305794;0.0
233;10-01-2024;17;0.195;0.195;;18.62805255012411;0.0;-18.62805255012411;0.0
234;10-01-2024;18;0.195;0.195;;24.002891464949677;0.0;-24.002891464949677;0.0
235;10-01-2024;19;0.195;0.195;;23.965854012865194;0.0;-23.965854012865194;0.0
236;10-01-2024;20;0.195;0.195;;21.47743523741821;0.0;-21.47743523741821;0.0
237;10-01-2024;21;0.195;0.195;;26.089620048488182;0.0;-26.089620048488182;0.0
238;10-01-2024;22;0.195;0.195;;22.273147620701437;0.0;-22.273147620701437;0.0
239;10-01-2024;23;0.195;0.195;;21.949886031633188;0.0;-21.949886031633188;0.0
240;11-01-2024;0;0.1956;0.19517999999999996;;2.703293553810317;0.0;-2.703293553810317;0.0
241;11-01-2024;1;0.1956;0.19517999999999996;;2.7722837420053605;0.0;-2.7722837420053605;0.0
242;11-01-2024;2;0.1956;0.19517999999999996;;2.6951478776041475;0.0;-2.6951478776041475;0.0
243;11-01-2024;3;0.1956;0.19517999999999996;;2.735036823976188;0.0;-2.735036823976188;0.0
244;11-01-2024;4;0.1956;0.19517999999999996;;2.7032783089122017;0.0;-2.7032783089122017;0.0
245;11-01-2024;5;0.1956;0.19517999999999996;;2.8675563665811055;0.0;-2.8675563665811055;0.0
246;11-01-2024;6;0.1956;0.19517999999999996;;13.70860257192976;0.0;-13.70860257192976;0.0
247;11-01-2024;7;0.1956;0.19517999999999996;;13.485811129909578;0.0;-13.485811129909578;0.0
248;11-01-2024;8;0.1956;0.19517999999999996;;10.733782518032726;0.0;-10.733782518032726;0.0
249;11-01-2024;9;0.1956;0.19517999999999996;;4.108845362602835;0.0;-4.108845362602835;0.0
250;11-01-2024;10;0.1956;0.19517999999999996;;9.993764336927995;0.0;-9.993764336927995;0.0
251;11-01-2024;11;0.1956;0.19517999999999996;;12.704938521174281;0.0;-12.704938521174281;0.0
252;11-01-2024;12;0.1956;0.19517999999999996;;11.868094913422405;0.0;-11.868094913422405;0.0
253;11-01-2024;13;0.1956;0.19517999999999996;;12.454082711556385;0.0;-12.454082711556385;0.0
254;11-01-2024;14;0.1956;0.19517999999999996;;16.62991547504396;0.0;-16.62991547504396;0.0
255;11-01-2024;15;0.1956;0.19517999999999996;;16.045906121764258;0.0;-16.045906121764258;0.0
256;11-01-2024;16;0.1956;0.19517999999999996;;16.459236644356444;0.0;-16.459236644356444;0.0
257;11-01-2024;17;0.1956;0.19517999999999996;;18.598377918687305;0.0;-18.598377918687305;0.0
258;11-01-2024;18;0.1956;0.19517999999999996;;21.677224313770882;0.0;-21.677224313770882;0.0
259;11-01-2024;19;0.1956;0.19517999999999996;;21.52737916359314;0.0;-21.52737916359314;0.0
260;11-01-2024;20;0.1956;0.19517999999999996;;29.120454665985356;0.0;-29.120454665985356;0.0
261;11-01-2024;21;0.1956;0.19517999999999996;;21.491092857197017;0.0;-21.491092857197017;0.0
262;11-01-2024;22;0.1956;0.19517999999999996;;20.898561594052026;0.0;-20.898561594052026;0.0
263;11-01-2024;23;0.1956;0.19517999999999996;;21.188795649512517;0.0;-21.188795649512517;0.0
264;12-01-2024;0;0.1958;0.19536599999999998;;2.745490567247773;0.0;-2.745490567247773;0.0
265;12-01-2024;1;0.1958;0.19536599999999998;;2.7318362649303243;0.0;-2.7318362649303243;0.0
266;12-01-2024;2;0.1958;0.19536599999999998;;2.777601954818129;0.0;-2.777601954818129;0.0
267;12-01-2024;3;0.1958;0.19536599999999998;;2.807441331601959;0.0;-2.807441331601959;0.0
268;12-01-2024;4;0.1958;0.19536599999999998;;2.7510384580636993;0.0;-2.7510384580636993;0.0
269;12-01-2024;5;0.1958;0.19536599999999998;;2.713246526364795;0.0;-2.713246526364795;0.0
270;12-01-2024;6;0.1958;0.19536599999999998;;13.577943215764698;0.0;-13.577943215764698;0.0
271;12-01-2024;7;0.1958;0.19536599999999998;;15.590337329077032;0.0;-15.590337329077032;0.0
272;12-01-2024;8;0.1958;0.19536599999999998;;14.632388362923455;0.0;-14.632388362923455;0.0
273;12-01-2024;9;0.1958;0.19536599999999998;;11.886642165822717;0.0;-11.886642165822717;0.0
274;12-01-2024;10;0.1958;0.19536599999999998;;10.839510432069556;0.0;-10.839510432069556;0.0
275;12-01-2024;11;0.1958;0.19536599999999998;;10.79065382885009;0.0;-10.79065382885009;0.0
276;12-01-2024;12;0.1958;0.19536599999999998;;12.396369040584512;0.0;-12.396369040584512;0.0
277;12-01-2024;13;0.1958;0.19536599999999998;;12.43997266325977;0.0;-12.43997266325977;0.0
278;12-01-2024;14;0.1958;0.19536599999999998;;13.944193193223242;0.0;-13.944193193223242;0.0
279;12-01-2024;15;0.1958;0.19536599999999998;;15.17834924928906;0.0;-15.17834924928906;0.0
280;12-01-2024;16;0.1958;0.19536599999999998;;16.1000589835263;0.0;-16.1000589835263;0.0
281;12-01-2024;17;0.1958;0.19536599999999998;;16.90724098351016;0.0;-16.90724098351016;0.0
282;12-01-2024;18;0.1958;0.19536599999999998;;21.850596656861132;0.0;-21.850596656861132;0.0
283;12-01-2024;19;0.1958;0.19536599999999998;;23.423491656089215;0.0;-23.423491656089215;0.0
284;12-01-2024;20;0.1958;0.19536599999999998;;21.537416921385635;0.0;-21.537416921385635;0.0
285;12-01-2024;21;0.1958;0.19536599999999998;;21.598161643428607;0.0;-21.598161643428607;0.0
286;12-01-2024;22;0.1958;0.19536599999999998;;22.085329945759092;0.0;-22.085329945759092;0.0
287;12-01-2024;23;0.1958;0.19536599999999998;;22.236793964697547;0.0;-22.236793964697547;0.0
288;13-01-2024;0;0.1959;0.19552619999999996;;2.737803722462896;0.0;-2.737803722462896;0.0
289;13-01-2024;1;0.1959;0.19552619999999996;;2.738531782387046;0.0;-2.738531782387046;0.0
290;13-01-2024;2;0.1959;0.19552619999999996;;2.752934568952304;0.0;-2.752934568952304;0.0
291;13-01-2024;3;0.1959;0.19552619999999996;;2.7134194033405947;0.0;-2.7134194033405947;0.0
292;13-01-2024;4;0.1959;0.19552619999999996;;2.67199913128194;0.0;-2.67199913128194;0.0
293;13-01-2024;5;0.1959;0.19552619999999996;;2.6705124733560632;0.0;-2.6705124733560632;0.0
294;13-01-2024;6;0.1959;0.19552619999999996;;13.575377950685459;0.0;-13.575377950685459;0.0
295;13-01-2024;7;0.1959;0.19552619999999996;;19.063035119722148;0.0;-19.063035119722148;0.0
296;13-01-2024;8;0.1959;0.19552619999999996;;13.681807388735706;0.0;-13.681807388735706;0.0
297;13-01-2024;9;0.1959;0.19552619999999996;;12.940004424434784;0.0;-12.940004424434784;0.0
298;13-01-2024;10;0.1959;0.19552619999999996;;12.489144766647293;0.0;-12.489144766647293;0.0
299;13-01-2024;11;0.1959;0.19552619999999996;;14.732733781735151;0.0;-14.732733781735151;0.0
300;13-01-2024;12;0.1959;0.19552619999999996;;15.186476755731169;0.0;-15.186476755731169;0.0
301;13-01-2024;13;0.1959;0.19552619999999996;;17.74651558754561;0.0;-17.74651558754561;0.0
302;13-01-2024;14;0.1959;0.19552619999999996;;15.495581700596853;0.0;-15.495581700596853;0.0
303;13-01-2024;15;0.1959;0.19552619999999996;;18.467714012815296;0.0;-18.467714012815296;0.0
304;13-01-2024;16;0.1959;0.19552619999999996;;16.254542826132674;0.0;-16.254542826132674;0.0
305;13-01-2024;17;0.1959;0.19552619999999996;;16.61537741434799;0.0;-16.61537741434799;0.0
306;13-01-2024;18;0.1959;0.19552619999999996;;22.137174683352047;0.0;-22.137174683352047;0.0
307;13-01-2024;19;0.1959;0.19552619999999996;;22.003850753483803;0.0;-22.003850753483803;0.0
308;13-01-2024;20;0.1959;0.19552619999999996;;21.788930067967307;0.0;-21.788930067967307;0.0
309;13-01-2024;21;0.1959;0.19552619999999996;;21.93751194052972;0.0;-21.93751194052972;0.0
310;13-01-2024;22;0.1959;0.19552619999999996;;21.33824436540823;0.0;-21.33824436540823;0.0
311;13-01-2024;23;0.1959;0.19552619999999996;;21.91808397710971;0.0;-21.91808397710971;0.0
312;14-01-2024;0;0.1954;0.1954;;2.762670110988479;0.0;-2.762670110988479;0.0
313;14-01-2024;1;0.1954;0.1954;;2.681163861722122;0.0;-2.681163861722122;0.0
314;14-01-2024;2;0.1954;0.1954;;2.668517773836155;0.0;-2.668517773836155;0.0
315;14-01-2024;3;0.1954;0.1954;;2.6544278804036;0.0;-2.6544278804036;0.0
316;14-01-2024;4;0.1954;0.1954;;2.694793266801348;0.0;-2.694793266801348;0.0
317;14-01-2024;5;0.1954;0.1954;;2.7598391528758497;0.0;-2.7598391528758497;0.0
318;14-01-2024;6;0.1954;0.1954;;13.462496728334575;0.0;-13.462496728334575;0.0
319;14-01-2024;7;0.1954;0.1954;;13.583821493769774;0.0;-13.583821493769774;0.0
320;14-01-2024;8;0.1954;0.1954;;14.846345046954252;0.0;-14.846345046954252;0.0
321;14-01-2024;9;0.1954;0.1954;;13.196952283227269;0.0;-13.196952283227269;0.0
322;14-01-2024;10;0.1954;0.1954;;12.058833951536018;0.0;-12.058833951536018;0.0
323;14-01-2024;11;0.1954;0.1954;;11.726074771024239;0.0;-11.726074771024239;0.0
324;14-01-2024;12;0.1954;0.1954;;12.739903313907968;0.0;-12.739903313907968;0.0
325;14-01-2024;13;0.1954;0.1954;;11.820470427218456;0.0;-11.820470427218456;0.0
326;14-01-2024;14;0.1954;0.1954;;13.952430828374256;0.0;-13.952430828374256;0.0
327;14-01-2024;15;0.1954;0.1954;;15.200742593816127;0.0;-15.200742593816127;0.0
328;14-01-2024;16;0.1954;0.1954;;19.382592442442068;0.0;-19.382592442442068;0.0
329;14-01-2024;17;0.1954;0.1954;;16.645719669215286;0.0;-16.645719669215286;0.0
330;14-01-2024;18;0.1954;0.1954;;26.380369957657905;0.0;-26.380369957657905;0.0
331;14-01-2024;19;0.1954;0.1954;;22.00126072987833;0.0;-22.00126072987833;0.0
332;14-01-2024;20;0.1954;0.1954;;21.45809345527388;0.0;-21.45809345527388;0.0
333;14-01-2024;21;0.1954;0.1954;;23.60837814206289;0.0;-23.60837814206289;0.0
334;14-01-2024;22;0.1954;0.1954;;22.316554189327988;0.0;-22.316554189327988;0.0
335;14-01-2024;23;0.1954;0.1954;;21.781527693403575;0.0;-21.781527693403575;0.0
336;15-01-2024;0;0.1949;0.1949;;2.7527854204000786;0.0;-2.7527854204000786;0.0
337;15-01-2024;1;0.1949;0.1949;;2.7181373129348567;0.0;-2.7181373129348567;0.0
338;15-01-2024;2;0.1949;0.1949;;2.740638278255915;0.0;-2.740638278255915;0.0
339;15-01-2024;3;0.1949;0.1949;;2.6580457874388514;0.0;-2.6580457874388514;0.0
340;15-01-2024;4;0.1949;0.1949;;2.7166820990269547;0.0;-2.7166820990269547;0.0
341;15-01-2024;5;0.1949;0.1949;;2.7884442966694833;0.0;-2.7884442966694833;0.0
342;15-01-2024;6;0.1949;0.1949;;13.648442592496115;0.0;-13.648442592496115;0.0
343;15-01-2024;7;0.1949;0.1949;;18.062102585114566;0.0;-18.062102585114566;0.0
344;15-01-2024;8;0.1949;0.1949;;14.137029572439266;0.0;-14.137029572439266;0.0
345;15-01-2024;9;0.1949;0.1949;;8.159648290493193;0.0;-8.159648290493193;0.0
346;15-01-2024;10;0.1949;0.1949;;10.919064458530416;0.0;-10.919064458530416;0.0
347;15-01-2024;11;0.1949;0.1949;;8.14802448872214;0.0;-8.14802448872214;0.0
348;15-01-2024;12;0.1949;0.1949;;10.123686780921512;0.0;-10.123686780921512;0.0
349;15-01-2024;13;0.1949;0.1949;;11.758560378003358;0.0;-11.758560378003358;0.0
350;15-01-2024;14;0.1949;0.1949;;12.657526544006297;0.0;-12.657526544006297;0.0
351;15-01-2024;15;0.1949;0.1949;;14.359080010731734;0.0;-14.359080010731734;0.0
352;15-01-2024;16;0.1949;0.1949;;16.35718599158148;0.0;-16.35718599158148;0.0
353;15-01-2024;17;0.1949;0.1949;;15.898685844908066;0.0;-15.898685844908066;0.0
354;15-01-2024;18;0.1949;0.1949;;21.632874702305433;0.0;-21.632874702305433;0.0
355;15-01-2024;19;0.1949;0.1949;;21.460049236618712;0.0;-21.460049236618712;0.0
356;15-01-2024;20;0.1949;0.1949;;25.137781922349504;0.0;-25.137781922349504;0.0
357;15-01-2024;21;0.1949;0.1949;;21.355726568711738;0.0;-21.355726568711738;0.0
358;15-01-2024;22;0.1949;0.1949;;22.103475487098383;0.0;-22.103475487098383;0.0
359;15-01-2024;23;0.1949;0.1949;;21.624510209184272;0.0;-21.624510209184272;0.0
360;16-01-2024;0;0.1941;0.1941;;2.7440530045968403;0.0;-2.7440530045968403;0.0
361;16-01-2024;1;0.1941;0.1941;;2.769014178097093;0.0;-2.769014178097093;0.0
362;16-01-2024;2;0.1941;0.1941;;2.7475707270765772;0.0;-2.7475707270765772;0.0
363;16-01-2024;3;0.1941;0.1941;;2.752883978558352;0.0;-2.752883978558352;0.0
364;16-01-2024;4;0.1941;0.1941;;2.795319603105308;0.0;-2.795319603105308;0.0
365;16-01-2024;5;0.1941;0.1941;;2.702596570863959;0.0;-2.702596570863959;0.0
366;16-01-2024;6;0.1941;0.1941;;13.596521977869294;0.0;-13.596521977869294;0.0
367;16-01-2024;7;0.1941;0.1941;;13.854667763524493;0.0;-13.854667763524493;0.0
368;16-01-2024;8;0.1941;0.1941;;15.414263090206079;0.0;-15.414263090206079;0.0
369;16-01-2024;9;0.1941;0.1941;;9.82168083500986;0.0;-9.82168083500986;0.0
370;16-01-2024;10;0.1941;0.1941;;4.410175627602263;0.0;-4.410175627602263;0.0
371;16-01-2024;11;0.1941;0.1941;;0.9445309841895447;0.0;-0.9445309841895447;0.0
372;16-01-2024;12;0.1941;0.1941;;7.902280604987321;0.0;-7.902280604987321;0.0
373;16-01-2024;13;0.1941;0.1941;;7.551837458722729;0.0;-7.551837458722729;0.0
374;16-01-2024;14;0.1941;0.1941;;9.307464126781719;0.0;-9.307464126781719;0.0
375;16-01-2024;15;0.1941;0.1941;;14.191718145621104;0.0;-14.191718145621104;0.0
376;16-01-2024;16;0.1941;0.1941;;16.458457213279925;0.0;-16.458457213279925;0.0
377;16-01-2024;17;0.1941;0.1941;;16.350023862498272;0.0;-16.350023862498272;0.0
378;16-01-2024;18;0.1941;0.1941;;22.136895774640283;0.0;-22.136895774640283;0.0
379;16-01-2024;19;0.1941;0.1941;;24.68236755177436;0.0;-24.68236755177436;0.0
380;16-01-2024;20;0.1941;0.1941;;21.358062254835357;0.0;-21.358062254835357;0.0
381;16-01-2024;21;0.1941;0.1941;;21.049150223693083;0.0;-21.049150223693083;0.0
382;16-01-2024;22;0.1941;0.1941;;24.635028948065784;0.0;-24.635028948065784;0.0
383;16-01-2024;23;0.1941;0.1941;;21.93672508249021;0.0;-21.93672508249021;0.0
384;17-01-2024;0;0.1948;0.19430999999999998;;2.744756260319195;0.0;-2.744756260319195;0.0
385;17-01-2024;1;0.1948;0.19430999999999998;;2.8040340428111996;0.0;-2.8040340428111996;0.0
386;17-01-2024;2;0.1948;0.19430999999999998;;2.730760844707022;0.0;-2.730760844707022;0.0
387;17-01-2024;3;0.1948;0.19430999999999998;;2.7252710933383466;0.0;-2.7252710933383466;0.0
388;17-01-2024;4;0.1948;0.19430999999999998;;2.7279024120628064;0.0;-2.7279024120628064;0.0
389;17-01-2024;5;0.1948;0.19430999999999998;;2.69516514104671;0.0;-2.69516514104671;0.0
390;17-01-2024;6;0.1948;0.19430999999999998;;16.01061206658983;0.0;-16.01061206658983;0.0
391;17-01-2024;7;0.1948;0.19430999999999998;;13.741005516854061;0.0;-13.741005516854061;0.0
392;17-01-2024;8;0.1948;0.19430999999999998;;15.314568556853487;0.0;-15.314568556853487;0.0
393;17-01-2024;9;0.1948;0.19430999999999998;;13.719774101416611;0.0;-13.719774101416611;0.0
394;17-01-2024;10;0.1948;0.19430999999999998;;9.143741718120445;0.0;-9.143741718120445;0.0
395;17-01-2024;11;0.1948;0.19430999999999998;;12.035295166163316;0.0;-12.035295166163316;0.0
396;17-01-2024;12;0.1948;0.19430999999999998;;11.784082494804249;0.0;-11.784082494804249;0.0
397;17-01-2024;13;0.1948;0.19430999999999998;;13.34732269010834;0.0;-13.34732269010834;0.0
398;17-01-2024;14;0.1948;0.19430999999999998;;14.06636534780356;0.0;-14.06636534780356;0.0
399;17-01-2024;15;0.1948;0.19430999999999998;;17.732201908422034;0.0;-17.732201908422034;0.0
400;17-01-2024;16;0.1948;0.19430999999999998;;18.338453281089702;0.0;-18.338453281089702;0.0
401;17-01-2024;17;0.1948;0.19430999999999998;;16.029568282302765;0.0;-16.029568282302765;0.0
402;17-01-2024;18;0.1948;0.19430999999999998;;20.828673946357025;0.0;-20.828673946357025;0.0
403;17-01-2024;19;0.1948;0.19430999999999998;;20.890497805202408;0.0;-20.890497805202408;0.0
404;17-01-2024;20;0.1948;0.19430999999999998;;26.639217868473274;0.0;-26.639217868473274;0.0
405;17-01-2024;21;0.1948;0.19430999999999998;;21.232471183450187;0.0;-21.232471183450187;0.0
406;17-01-2024;22;0.1948;0.19430999999999998;;21.943072933754422;0.0;-21.943072933754422;0.0
407;17-01-2024;23;0.1948;0.19430999999999998;;21.4584336756429;0.0;-21.4584336756429;0.0
408;18-01-2024;0;0.1937;0.1937;;2.633915129736744;0.0;-2.633915129736744;0.0
409;18-01-2024;1;0.1937;0.1937;;2.7319994644295087;0.0;-2.7319994644295087;0.0
410;18-01-2024;2;0.1937;0.1937;;2.7029637542482408;0.0;-2.7029637542482408;0.0
411;18-01-2024;3;0.1937;0.1937;;2.667566051212663;0.0;-2.667566051212663;0.0
412;18-01-2024;4;0.1937;0.1937;;2.658778054051226;0.0;-2.658778054051226;0.0
413;18-01-2024;5;0.1937;0.1937;;2.6786678087544176;0.0;-2.6786678087544176;0.0
414;18-01-2024;6;0.1937;0.1937;;18.11285393081604;0.0;-18.11285393081604;0.0
415;18-01-2024;7;0.1937;0.1937;;19.085117128522647;0.0;-19.085117128522647;0.0
416;18-01-2024;8;0.1937;0.1937;;10.28008676815404;0.0;-10.28008676815404;0.0
417;18-01-2024;9;0.1937;0.1937;;5.0618993241847265;0.0;-5.0618993241847265;0.0
418;18-01-2024;10;0.1937;0.1937;;5.804796137977625;0.0;-5.804796137977625;0.0
419;18-01-2024;11;0.1937;0.1937;;3.904911055451548;0.0;-3.904911055451548;0.0
420;18-01-2024;12;0.1937;0.1937;;7.287803300341601;0.0;-7.287803300341601;0.0
421;18-01-2024;13;0.1937;0.1937;;7.719724458539351;0.0;-7.719724458539351;0.0
422;18-01-2024;14;0.1937;0.1937;;11.142202549533494;0.0;-11.142202549533494;0.0
423;18-01-2024;15;0.1937;0.1937;;14.148855680154371;0.0;-14.148855680154371;0.0
424;18-01-2024;16;0.1937;0.1937;;16.53851256256747;0.0;-16.53851256256747;0.0
425;18-01-2024;17;0.1937;0.1937;;16.507228798385302;0.0;-16.507228798385302;0.0
426;18-01-2024;18;0.1937;0.1937;;21.936799200609585;0.0;-21.936799200609585;0.0
427;18-01-2024;19;0.1937;0.1937;;21.997999207481683;0.0;-21.997999207481683;0.0
428;18-01-2024;20;0.1937;0.1937;;22.035913369718955;0.0;-22.035913369718955;0.0
429;18-01-2024;21;0.1937;0.1937;;20.99685253503187;0.0;-20.99685253503187;0.0
430;18-01-2024;22;0.1937;0.1937;;21.773817054294184;0.0;-21.773817054294184;0.0
431;18-01-2024;23;0.1937;0.1937;;21.012366490690624;0.0;-21.012366490690624;0.0
432;19-01-2024;0;0.1934;0.1934;;2.6745630251240224;0.0;-2.6745630251240224;0.0
433;19-01-2024;1;0.1934;0.1934;;2.6475024201838107;0.0;-2.6475024201838107;0.0
434;19-01-2024;2;0.1934;0.1934;;2.7498823729585444;0.0;-2.7498823729585444;0.0
435;19-01-2024;3;0.1934;0.1934;;2.79059057727547;0.0;-2.79059057727547;0.0
436;19-01-2024;4;0.1934;0.1934;;2.700124398738224;0.0;-2.700124398738224;0.0
437;19-01-2024;5;0.1934;0.1934;;2.798622313519365;0.0;-2.798622313519365;0.0
438;19-01-2024;6;0.1934;0.1934;;18.175374044267592;0.0;-18.175374044267592;0.0
439;19-01-2024;7;0.1934;0.1934;;13.59838507963804;0.0;-13.59838507963804;0.0
440;19-01-2024;8;0.1934;0.1934;;10.825089280967312;0.0;-10.825089280967312;0.0
441;19-01-2024;9;0.1934;0.1934;;9.012835967032037;0.0;-9.012835967032037;0.0
442;19-01-2024;10;0.1934;0.1934;;2.3259065724778267;0.0;-2.3259065724778267;0.0
443;19-01-2024;11;0.1934;0.1934;;2.238276838791954;0.0;-2.238276838791954;0.0
444;19-01-2024;12;0.1934;0.1934;;6.202049437449833;0.0;-6.202049437449833;0.0
445;19-01-2024;13;0.1934;0.1934;;5.3981392195088995;0.0;-5.3981392195088995;0.0
446;19-01-2024;14;0.1934;0.1934;;11.594319834721045;0.0;-11.594319834721045;0.0
447;19-01-2024;15;0.1934;0.1934;;16.190294944868015;0.0;-16.190294944868015;0.0
448;19-01-2024;16;0.1934;0.1934;;16.34749972426705;0.0;-16.34749972426705;0.0
449;19-01-2024;17;0.1934;0.1934;;15.907272618796796;0.0;-15.907272618796796;0.0
450;19-01-2024;18;0.1934;0.1934;;21.7673752864964;0.0;-21.7673752864964;0.0
451;19-01-2024;19;0.1934;0.1934;;23.633716231988284;0.0;-23.633716231988284;0.0
452;19-01-2024;20;0.1934;0.1934;;21.613829670999728;0.0;-21.613829670999728;0.0
453;19-01-2024;21;0.1934;0.1934;;24.772204167053648;0.0;-24.772204167053648;0.0
454;19-01-2024;22;0.1934;0.1934;;23.517309534543525;0.0;-23.517309534543525;0.0
455;19-01-2024;23;0.1934;0.1934;;21.600677307022988;0.0;-21.600677307022988;0.0
456;20-01-2024;0;0.1935;0.19342999999999996;;2.7106952882783615;0.0;-2.7106952882783615;0.0
457;20-01-2024;1;0.1935;0.19342999999999996;;2.6655524350977715;0.0;-2.6655524350977715;0.0
458;20-01-2024;2;0.1935;0.19342999999999996;;2.636182810724841;0.0;-2.636182810724841;0.0
459;20-01-2024;3;0.1935;0.19342999999999996;;2.779626279017683;0.0;-2.779626279017683;0.0
460;20-01-2024;4;0.1935;0.19342999999999996;;2.773981659047965;0.0;-2.773981659047965;0.0
461;20-01-2024;5;0.1935;0.19342999999999996;;2.779731113961911;0.0;-2.779731113961911;0.0
462;20-01-2024;6;0.1935;0.19342999999999996;;14.931360138242805;0.0;-14.931360138242805;0.0
463;20-01-2024;7;0.1935;0.19342999999999996;;15.008248012462708;0.0;-15.008248012462708;0.0
464;20-01-2024;8;0.1935;0.19342999999999996;;13.990553136555604;0.0;-13.990553136555604;0.0
465;20-01-2024;9;0.1935;0.19342999999999996;;7.75420010486706;0.0;-7.75420010486706;0.0
466;20-01-2024;10;0.1935;0.19342999999999996;;7.528065449631304;0.0;-7.528065449631304;0.0
467;20-01-2024;11;0.1935;0.19342999999999996;;4.086598923579284;0.0;-4.086598923579284;0.0
468;20-01-2024;12;0.1935;0.19342999999999996;;4.109074407505405;0.0;-4.109074407505405;0.0
469;20-01-2024;13;0.1935;0.19342999999999996;;5.2444287356498975;0.0;-5.2444287356498975;0.0
470;20-01-2024;14;0.1935;0.19342999999999996;;11.124657884638209;0.0;-11.124657884638209;0.0
471;20-01-2024;15;0.1935;0.19342999999999996;;13.96573062518955;0.0;-13.96573062518955;0.0
472;20-01-2024;16;0.1935;0.19342999999999996;;15.935943916319797;0.0;-15.935943916319797;0.0
473;20-01-2024;17;0.1935;0.19342999999999996;;18.155888874449882;0.0;-18.155888874449882;0.0
474;20-01-2024;18;0.1935;0.19342999999999996;;22.011171815033272;0.0;-22.011171815033272;0.0
475;20-01-2024;19;0.1935;0.19342999999999996;;23.701351902007815;0.0;-23.701351902007815;0.0
476;20-01-2024;20;0.1935;0.19342999999999996;;22.574277353507547;0.0;-22.574277353507547;0.0
477;20-01-2024;21;0.1935;0.19342999999999996;;21.62308445896958;0.0;-21.62308445896958;0.0
478;20-01-2024;22;0.1935;0.19342999999999996;;23.495299866749843;0.0;-23.495299866749843;0.0
479;20-01-2024;23;0.1935;0.19342999999999996;;21.565010737387517;0.0;-21.565010737387517;0.0
480;21-01-2024;0;0.1944;0.19372099999999998;;2.6860821832934367;0.0;-2.6860821832934367;0.0
481;21-01-2024;1;0.1944;0.19372099999999998;;2.6781929394736594;0.0;-2.6781929394736594;0.0
482;21-01-2024;2;0.1944;0.19372099999999998;;2.7007028574500764;0.0;-2.7007028574500764;0.0
483;21-01-2024;3;0.1944;0.19372099999999998;;2.765337683718998;0.0;-2.765337683718998;0.0
484;21-01-2024;4;0.1944;0.19372099999999998;;2.8059275707512863;0.0;-2.8059275707512863;0.0
485;21-01-2024;5;0.1944;0.19372099999999998;;2.7029228755976127;0.0;-2.7029228755976127;0.0
486;21-01-2024;6;0.1944;0.19372099999999998;;13.689942710176416;0.0;-13.689942710176416;0.0
487;21-01-2024;7;0.1944;0.19372099999999998;;13.239331769013633;0.0;-13.239331769013633;0.0
488;21-01-2024;8;0.1944;0.19372099999999998;;12.73577867972984;0.0;-12.73577867972984;0.0
489;21-01-2024;9;0.1944;0.19372099999999998;;12.279546512932363;0.0;-12.279546512932363;0.0
490;21-01-2024;10;0.1944;0.19372099999999998;;10.540876286116841;0.0;-10.540876286116841;0.0
491;21-01-2024;11;0.1944;0.19372099999999998;;10.326719301131305;0.0;-10.326719301131305;0.0
492;21-01-2024;12;0.1944;0.19372099999999998;;12.940331713655238;0.0;-12.940331713655238;0.0
493;21-01-2024;13;0.1944;0.19372099999999998;;14.30234831617084;0.0;-14.30234831617084;0.0
494;21-01-2024;14;0.1944;0.19372099999999998;;13.946506091948402;0.0;-13.946506091948402;0.0
495;21-01-2024;15;0.1944;0.19372099999999998;;17.114284881315434;0.0;-17.114284881315434;0.0
496;21-01-2024;16;0.1944;0.19372099999999998;;16.312611136914853;0.0;-16.312611136914853;0.0
497;21-01-2024;17;0.1944;0.19372099999999998;;16.01509504933379;0.0;-16.01509504933379;0.0
498;21-01-2024;18;0.1944;0.19372099999999998;;23.798492280309645;0.0;-23.798492280309645;0.0
499;21-01-2024;19;0.1944;0.19372099999999998;;21.856239523205097;0.0;-21.856239523205097;0.0
500;21-01-2024;20;0.1944;0.19372099999999998;;23.819998419826838;0.0;-23.819998419826838;0.0
501;21-01-2024;21;0.1944;0.19372099999999998;;22.556936634240163;0.0;-22.556936634240163;0.0
502;21-01-2024;22;0.1944;0.19372099999999998;;21.885447113653154;0.0;-21.885447113653154;0.0
503;21-01-2024;23;0.1944;0.19372099999999998;;21.663409417324146;0.0;-21.663409417324146;0.0
504;22-01-2024;0;0.1932;0.1932;;2.6878644597361077;0.0;-2.6878644597361077;0.0
505;22-01-2024;1;0.1932;0.1932;;2.719070869471543;0.0;-2.719070869471543;0.0
506;22-01-2024;2;0.1932;0.1932;;2.768762714370687;0.0;-2.768762714370687;0.0
507;22-01-2024;3;0.1932;0.1932;;2.780271569990341;0.0;-2.780271569990341;0.0
508;22-01-2024;4;0.1932;0.1932;;2.6819545441514037;0.0;-2.6819545441514037;0.0
509;22-01-2024;5;0.1932;0.1932;;2.685416920200702;0.0;-2.685416920200702;0.0
510;22-01-2024;6;0.1932;0.1932;;13.470903258779467;0.0;-13.470903258779467;0.0
511;22-01-2024;7;0.1932;0.1932;;17.55226678489507;0.0;-17.55226678489507;0.0
512;22-01-2024;8;0.1932;0.1932;;13.018570734441912;0.0;-13.018570734441912;0.0
513;22-01-2024;9;0.1932;0.1932;;12.090783652761488;0.0;-12.090783652761488;0.0
514;22-01-2024;10;0.1932;0.1932;;5.441009183244924;0.0;-5.441009183244924;0.0
515;22-01-2024;11;0.1932;0.1932;;0.6779819352389149;0.0;-0.6779819352389149;0.0
516;22-01-2024;12;0.1932;0.1932;;3.3812627249574554;0.0;-3.3812627249574554;0.0
517;22-01-2024;13;0.1932;0.1932;;5.728845729169969;0.0;-5.728845729169969;0.0
518;22-01-2024;14;0.1932;0.1932;;10.474532628299977;0.0;-10.474532628299977;0.0
519;22-01-2024;15;0.1932;0.1932;;13.788866838121768;0.0;-13.788866838121768;0.0
520;22-01-2024;16;0.1932;0.1932;;18.540342357151058;0.0;-18.540342357151058;0.0
521;22-01-2024;17;0.1932;0.1932;;16.404822499414646;0.0;-16.404822499414646;0.0
522;22-01-2024;18;0.1932;0.1932;;21.235872724571763;0.0;-21.235872724571763;0.0
523;22-01-2024;19;0.1932;0.1932;;29.413234320324797;0.0;-29.413234320324797;0.0
524;22-01-2024;20;0.1932;0.1932;;22.417602990779347;0.0;-22.417602990779347;0.0
525;22-01-2024;21;0.1932;0.1932;;24.03714951041646;0.0;-24.03714951041646;0.0
526;22-01-2024;22;0.1932;0.1932;;21.416967275441074;0.0;-21.416967275441074;0.0
527;22-01-2024;23;0.1932;0.1932;;21.56582605549368;0.0;-21.56582605549368;0.0
528;23-01-2024;0;0.1935;0.19329;;2.715860038596618;0.0;-2.715860038596618;0.0
529;23-01-2024;1;0.1935;0.19329;;2.726951909167592;0.0;-2.726951909167592;0.0
530;23-01-2024;2;0.1935;0.19329;;2.7542018021072;0.0;-2.7542018021072;0.0
531;23-01-2024;3;0.1935;0.19329;;2.7666677919926004;0.0;-2.7666677919926004;0.0
532;23-01-2024;4;0.1935;0.19329;;2.8033992366293474;0.0;-2.8033992366293474;0.0
533;23-01-2024;5;0.1935;0.19329;;2.7098017805516594;0.0;-2.7098017805516594;0.0
534;23-01-2024;6;0.1935;0.19329;;13.544279726066467;0.0;-13.544279726066467;0.0
535;23-01-2024;7;0.1935;0.19329;;18.291517076237035;0.0;-18.291517076237035;0.0
536;23-01-2024;8;0.1935;0.19329;;11.30244353587974;0.0;-11.30244353587974;0.0
537;23-01-2024;9;0.1935;0.19329;;6.323669739556779;0.0;-6.323669739556779;0.0
538;23-01-2024;10;0.1935;0.19329;;4.122360917402088;0.0;-4.122360917402088;0.0
539;23-01-2024;11;0.1935;0.19329;;3.2789181112212415;0.0;-3.2789181112212415;0.0
540;23-01-2024;12;0.1935;0.19329;;10.332246248341395;0.0;-10.332246248341395;0.0
541;23-01-2024;13;0.1935;0.19329;;15.373592645686376;0.0;-15.373592645686376;0.0
542;23-01-2024;14;0.1935;0.19329;;14.687487422675183;0.0;-14.687487422675183;0.0
543;23-01-2024;15;0.1935;0.19329;;21.462328139515243;0.0;-21.462328139515243;0.0
544;23-01-2024;16;0.1935;0.19329;;16.40095420124763;0.0;-16.40095420124763;0.0
545;23-01-2024;17;0.1935;0.19329;;16.23172355731573;0.0;-16.23172355731573;0.0
546;23-01-2024;18;0.1935;0.19329;;26.410019596914747;0.0;-26.410019596914747;0.0
547;23-01-2024;19;0.1935;0.19329;;21.522428511237525;0.0;-21.522428511237525;0.0
548;23-01-2024;20;0.1935;0.19329;;22.078731658257155;0.0;-22.078731658257155;0.0
549;23-01-2024;21;0.1935;0.19329;;22.750905669094735;0.0;-22.750905669094735;0.0
550;23-01-2024;22;0.1935;0.19329;;21.83150769355476;0.0;-21.83150769355476;0.0
551;23-01-2024;23;0.1935;0.19329;;22.4600289335948;0.0;-22.4600289335948;0.0
552;24-01-2024;0;0.1933;0.193293;;2.7266990879633983;0.0;-2.7266990879633983;0.0
553;24-01-2024;1;0.1933;0.193293;;2.6727577591143037;0.0;-2.6727577591143037;0.0
554;24-01-2024;2;0.1933;0.193293;;2.8468208825686476;0.0;-2.8468208825686476;0.0
555;24-01-2024;3;0.1933;0.193293;;2.68822172484831;0.0;-2.68822172484831;0.0
556;24-01-2024;4;0.1933;0.193293;;2.734697612699271;0.0;-2.734697612699271;0.0
557;24-01-2024;5;0.1933;0.193293;;2.686001393470526;0.0;-2.686001393470526;0.0
558;24-01-2024;6;0.1933;0.193293;;13.718030207234834;0.0;-13.718030207234834;0.0
559;24-01-2024;7;0.1933;0.193293;;13.44420404630179;0.0;-13.44420404630179;0.0
560;24-01-2024;8;0.1933;0.193293;;12.525387564714116;0.0;-12.525387564714116;0.0
561;24-01-2024;9;0.1933;0.193293;;9.399128842534523;0.0;-9.399128842534523;0.0
562;24-01-2024;10;0.1933;0.193293;;6.40196205248807;0.0;-6.40196205248807;0.0
563;24-01-2024;11;0.1933;0.193293;;7.450020984147233;0.0;-7.450020984147233;0.0
564;24-01-2024;12;0.1933;0.193293;;10.19265719364647;0.0;-10.19265719364647;0.0
565;24-01-2024;13;0.1933;0.193293;;13.37587618667547;0.0;-13.37587618667547;0.0
566;24-01-2024;14;0.1933;0.193293;;14.901971440839558;0.0;-14.901971440839558;0.0
567;24-01-2024;15;0.1933;0.193293;;15.18679376773762;0.0;-15.18679376773762;0.0
568;24-01-2024;16;0.1933;0.193293;;16.594958010951967;0.0;-16.594958010951967;0.0
569;24-01-2024;17;0.1933;0.193293;;16.24437949890624;0.0;-16.24437949890624;0.0
570;24-01-2024;18;0.1933;0.193293;;21.841563157204426;0.0;-21.841563157204426;0.0
571;24-01-2024;19;0.1933;0.193293;;24.573262236662163;0.0;-24.573262236662163;0.0
572;24-01-2024;20;0.1933;0.193293;;24.822915579150028;0.0;-24.822915579150028;0.0
573;24-01-2024;21;0.1933;0.193293;;21.497193162453673;0.0;-21.497193162453673;0.0
574;24-01-2024;22;0.1933;0.193293;;22.081491425921513;0.0;-22.081491425921513;0.0
575;24-01-2024;23;0.1933;0.193293;;21.439840269334578;0.0;-21.439840269334578;0.0
576;25-01-2024;0;0.1935;0.19335509999999997;;2.7252789889941185;0.0;-2.7252789889941185;0.0
577;25-01-2024;1;0.1935;0.19335509999999997;;2.680416862133507;0.0;-2.680416862133507;0.0
578;25-01-2024;2;0.1935;0.19335509999999997;;2.7493158063788354;0.0;-2.7493158063788354;0.0
579;25-01-2024;3;0.1935;0.19335509999999997;;2.719271665298103;0.0;-2.719271665298103;0.0
580;25-01-2024;4;0.1935;0.19335509999999997;;2.7529491746272634;0.0;-2.7529491746272634;0.0
581;25-01-2024;5;0.1935;0.19335509999999997;;2.7812518557522234;0.0;-2.7812518557522234;0.0
582;25-01-2024;6;0.1935;0.19335509999999997;;13.471156282888936;0.0;-13.471156282888936;0.0
583;25-01-2024;7;0.1935;0.19335509999999997;;16.6103393620996;0.0;-16.6103393620996;0.0
584;25-01-2024;8;0.1935;0.19335509999999997;;13.850513155321586;0.0;-13.850513155321586;0.0
585;25-01-2024;9;0.1935;0.19335509999999997;;9.342080149898164;0.0;-9.342080149898164;0.0
586;25-01-2024;10;0.1935;0.19335509999999997;;10.223609221579771;0.0;-10.223609221579771;0.0
587;25-01-2024;11;0.1935;0.19335509999999997;;9.284225313682429;0.0;-9.284225313682429;0.0
588;25-01-2024;12;0.1935;0.19335509999999997;;11.30720006209651;0.0;-11.30720006209651;0.0
589;25-01-2024;13;0.1935;0.19335509999999997;;14.161378427425577;0.0;-14.161378427425577;0.0
590;25-01-2024;14;0.1935;0.19335509999999997;;15.184534948329567;0.0;-15.184534948329567;0.0
591;25-01-2024;15;0.1935;0.19335509999999997;;18.493040576275718;0.0;-18.493040576275718;0.0
592;25-01-2024;16;0.1935;0.19335509999999997;;18.094856121049823;0.0;-18.094856121049823;0.0
593;25-01-2024;17;0.1935;0.19335509999999997;;16.322230943624497;0.0;-16.322230943624497;0.0
594;25-01-2024;18;0.1935;0.19335509999999997;;20.967527288000753;0.0;-20.967527288000753;0.0
595;25-01-2024;19;0.1935;0.19335509999999997;;25.006260123476157;0.0;-25.006260123476157;0.0
596;25-01-2024;20;0.1935;0.19335509999999997;;24.295211667991666;0.0;-24.295211667991666;0.0
597;25-01-2024;21;0.1935;0.19335509999999997;;25.718671397532074;0.0;-25.718671397532074;0.0
598;25-01-2024;22;0.1935;0.19335509999999997;;21.392088816293384;0.0;-21.392088816293384;0.0
599;25-01-2024;23;0.1935;0.19335509999999997;;21.746979371032815;0.0;-21.746979371032815;0.0
600;26-01-2024;0;0.1923;0.1923;;2.711160996030333;0.0;-2.711160996030333;0.0
601;26-01-2024;1;0.1923;0.1923;;2.7082998865462917;0.0;-2.7082998865462917;0.0
602;26-01-2024;2;0.1923;0.1923;;2.674624515519025;0.0;-2.674624515519025;0.0
603;26-01-2024;3;0.1923;0.1923;;2.717934018458566;0.0;-2.717934018458566;0.0
604;26-01-2024;4;0.1923;0.1923;;2.72902352963174;0.0;-2.72902352963174;0.0
605;26-01-2024;5;0.1923;0.1923;;2.6101312061874986;0.0;-2.6101312061874986;0.0
606;26-01-2024;6;0.1923;0.1923;;13.75463800678457;0.0;-13.75463800678457;0.0
607;26-01-2024;7;0.1923;0.1923;;13.106105445595535;0.0;-13.106105445595535;0.0
608;26-01-2024;8;0.1923;0.1923;;15.317793526429703;0.0;-15.317793526429703;0.0
609;26-01-2024;9;0.1923;0.1923;;12.378672099833281;0.0;-12.378672099833281;0.0
610;26-01-2024;10;0.1923;0.1923;;1.7528369918339222;0.0;-1.7528369918339222;0.0
611;26-01-2024;11;0.1923;0.1923;;0.4626901711360112;0.0;-0.4626901711360112;0.13248748952673714
612;26-01-2024;12;0.1923;0.1923;5.8438043222683405;3.87115481971414;0.6624374476336857;-3.208717372080454;0.0
613;26-01-2024;13;0.1923;0.1923;;3.861014792022967;0.0;-3.861014792022967;0.0
614;26-01-2024;14;0.1923;0.1923;;7.775561051392838;0.0;-7.775561051392838;0.0
615;26-01-2024;15;0.1923;0.1923;;12.662943547118893;0.0;-12.662943547118893;0.0
616;26-01-2024;16;0.1923;0.1923;;16.75904183704448;0.0;-16.75904183704448;0.0
617;26-01-2024;17;0.1923;0.1923;;16.26978910031742;0.0;-16.26978910031742;0.0
618;26-01-2024;18;0.1923;0.1923;;21.954091503435016;0.0;-21.954091503435016;0.0
619;26-01-2024;19;0.1923;0.1923;;21.056564354922703;0.0;-21.056564354922703;0.0
620;26-01-2024;20;0.1923;0.1923;;21.811862678819583;0.0;-21.811862678819583;0.0
621;26-01-2024;21;0.1923;0.1923;;21.379479157304054;0.0;-21.379479157304054;0.0
622;26-01-2024;22;0.1923;0.1923;;24.573121249568427;0.0;-24.573121249568427;0.0
623;26-01-2024;23;0.1923;0.1923;;21.927959414207642;0.0;-21.927959414207642;0.0
624;27-01-2024;0;0.1921;0.1921;;2.7376577608631965;0.0;-2.7376577608631965;0.0
625;27-01-2024;1;0.1921;0.1921;;2.6720046599662233;0.0;-2.6720046599662233;0.0
626;27-01-2024;2;0.1921;0.1921;;2.6418911157524017;0.0;-2.6418911157524017;0.0
627;27-01-2024;3;0.1921;0.1921;;2.6704515942471896;0.0;-2.6704515942471896;0.0
628;27-01-2024;4;0.1921;0.1921;;2.6667909362569913;0.0;-2.6667909362569913;0.0
629;27-01-2024;5;0.1921;0.1921;;2.7147114391136222;0.0;-2.7147114391136222;0.0
630;27-01-2024;6;0.1921;0.1921;;13.47861987121544;0.0;-13.47861987121544;0.0
631;27-01-2024;7;0.1921;0.1921;;13.61375293347218;0.0;-13.61375293347218;0.0
632;27-01-2024;8;0.1921;0.1921;;9.829101569498242;0.0;-9.829101569498242;0.0
633;27-01-2024;9;0.1921;0.1921;;5.320795582194964;0.0;-5.320795582194964;0.0
634;27-01-2024;10;0.1921;0.1921;;3.8401099183583733;0.0;-3.8401099183583733;0.0
635;27-01-2024;11;0.1921;0.1921;;0.28134181010038506;0.0;-0.28134181010038506;0.15925612821182453
636;27-01-2024;12;0.1921;0.1921;8.625538258768326;6.868349134172031;0.7962806410591226;-6.0720684931129085;0.0
637;27-01-2024;13;0.1921;0.1921;;7.023955844473272;0.0;-7.023955844473272;0.0
638;27-01-2024;14;0.1921;0.1921;;10.382250535345824;0.0;-10.382250535345824;0.0
639;27-01-2024;15;0.1921;0.1921;;12.462698805000846;0.0;-12.462698805000846;0.0
640;27-01-2024;16;0.1921;0.1921;;15.674544708756148;0.0;-15.674544708756148;0.0
641;27-01-2024;17;0.1921;0.1921;;16.02267079476305;0.0;-16.02267079476305;0.0
642;27-01-2024;18;0.1921;0.1921;;23.535048513520202;0.0;-23.535048513520202;0.0
643;27-01-2024;19;0.1921;0.1921;;25.614266492942455;0.0;-25.614266492942455;0.0
644;27-01-2024;20;0.1921;0.1921;;24.093148698886438;0.0;-24.093148698886438;0.0
645;27-01-2024;21;0.1921;0.1921;;21.081003001227774;0.0;-21.081003001227774;0.0
646;27-01-2024;22;0.1921;0.1921;;24.155053051923908;0.0;-24.155053051923908;0.0
647;27-01-2024;23;0.1921;0.1921;;21.698322937916256;0.0;-21.698322937916256;0.0
648;28-01-2024;0;0.1919;0.1919;;2.7414203723478314;0.0;-2.7414203723478314;0.0
649;28-01-2024;1;0.1919;0.1919;;2.7256785958198195;0.0;-2.7256785958198195;0.0
650;28-01-2024;2;0.1919;0.1919;;2.7853412768657937;0.0;-2.7853412768657937;0.0
651;28-01-2024;3;0.1919;0.1919;;2.724334849113235;0.0;-2.724334849113235;0.0
652;28-01-2024;4;0.1919;0.1919;;2.5746600863962428;0.0;-2.5746600863962428;0.0
653;28-01-2024;5;0.1919;0.1919;;2.6060876344741555;0.0;-2.6060876344741555;0.0
654;28-01-2024;6;0.1919;0.1919;;16.898605044847145;0.0;-16.898605044847145;0.0
655;28-01-2024;7;0.1919;0.1919;;13.213241040742387;0.0;-13.213241040742387;0.0
656;28-01-2024;8;0.1919;0.1919;;10.067134186452668;0.0;-10.067134186452668;0.0
657;28-01-2024;9;0.1919;0.1919;;4.8544661195122805;0.0;-4.8544661195122805;0.0
658;28-01-2024;10;0.1919;0.1919;;0.81066030356156;0.0;-0.81066030356156;0.0
659;28-01-2024;11;0.1919;0.1919;;0.3549898679590221;0.0;-0.3549898679590221;0.2534081359412516
660;28-01-2024;12;0.1919;0.1919;2.4718844532011643;3.1319781577393346;1.2670406797062579;-1.8649374780330767;0.0
661;28-01-2024;13;0.1919;0.1919;;10.344197772664065;0.0;-10.344197772664065;0.0
662;28-01-2024;14;0.1919;0.1919;;11.516275494332518;0.0;-11.516275494332518;0.0
663;28-01-2024;15;0.1919;0.1919;;13.203293766106437;0.0;-13.203293766106437;0.0
664;28-01-2024;16;0.1919;0.1919;;16.41422655530235;0.0;-16.41422655530235;0.0
665;28-01-2024;17;0.1919;0.1919;;16.547876923744752;0.0;-16.547876923744752;0.0
666;28-01-2024;18;0.1919;0.1919;;22.264165238187864;0.0;-22.264165238187864;0.0
667;28-01-2024;19;0.1919;0.1919;;21.837003551314016;0.0;-21.837003551314016;0.0
668;28-01-2024;20;0.1919;0.1919;;24.023596260547766;0.0;-24.023596260547766;0.0
669;28-01-2024;21;0.1919;0.1919;;21.75497070587094;0.0;-21.75497070587094;0.0
670;28-01-2024;22;0.1919;0.1919;;22.313389313833664;0.0;-22.313389313833664;0.0
671;28-01-2024;23;0.1919;0.1919;;21.12710000670808;0.0;-21.12710000670808;0.0
672;29-01-2024;0;0.1918;0.1918;;2.775016762418247;0.0;-2.775016762418247;0.0
673;29-01-2024;1;0.1918;0.1918;;2.7616499910160472;0.0;-2.7616499910160472;0.0
674;29-01-2024;2;0.1918;0.1918;;2.628084874596394;0.0;-2.628084874596394;0.0
675;29-01-2024;3;0.1918;0.1918;;2.683878300532021;0.0;-2.683878300532021;0.0
676;29-01-2024;4;0.1918;0.1918;;2.6894839906755355;0.0;-2.6894839906755355;0.0
677;29-01-2024;5;0.1918;0.1918;;2.7159257558592285;0.0;-2.7159257558592285;0.0
678;29-01-2024;6;0.1918;0.1918;;16.14513822924955;0.0;-16.14513822924955;0.0
679;29-01-2024;7;0.1918;0.1918;;16.3551482400831;0.0;-16.3551482400831;0.0
680;29-01-2024;8;0.1918;0.1918;;14.582324472645285;0.0;-14.582324472645285;0.0
681;29-01-2024;9;0.1918;0.1918;;11.418841421047418;0.0;-11.418841421047418;0.0
682;29-01-2024;10;0.1918;0.1918;;4.5512422097616625;0.0;-4.5512422097616625;0.0
683;29-01-2024;11;0.1918;0.1918;;0.5654734957138492;0.0;-0.5654734957138492;0.0944815604452261
684;29-01-2024;12;0.1918;0.1918;10.045646957076961;4.745642000932342;0.47240780222613044;-4.273234198706212;0.0
685;29-01-2024;13;0.1918;0.1918;;10.561912328473257;0.0;-10.561912328473257;0.0
686;29-01-2024;14;0.1918;0.1918;;14.643020945895454;0.0;-14.643020945895454;0.0
687;29-01-2024;15;0.1918;0.1918;;15.283566100872042;0.0;-15.283566100872042;0.0
688;29-01-2024;16;0.1918;0.1918;;15.895537451126565;0.0;-15.895537451126565;0.0
689;29-01-2024;17;0.1918;0.1918;;18.51673478610587;0.0;-18.51673478610587;0.0
690;29-01-2024;18;0.1918;0.1918;;21.390530904685743;0.0;-21.390530904685743;0.0
691;29-01-2024;19;0.1918;0.1918;;24.676392093537977;0.0;-24.676392093537977;0.0
692;29-01-2024;20;0.1918;0.1918;;27.83976954024249;0.0;-27.83976954024249;0.0
693;29-01-2024;21;0.1918;0.1918;;30.894077395091223;0.0;-30.894077395091223;0.0
694;29-01-2024;22;0.1918;0.1918;;23.46744158289949;0.0;-23.46744158289949;0.0
695;29-01-2024;23;0.1918;0.1918;;21.567447527180946;0.0;-21.567447527180946;0.0
