DATE,0,1,2,3,4,5,6,7,8,9,10,11,12,13,14,15,16,17,18,19,20,21,22,23
01-01-2024,0.0,0.0,0.0,0.0,0.0,0.0,0.0,0.0,4.5,36.17,105.33,90.17,57.33,82.0,97.17,8.17,0.0,0.0,0.0,0.0,0.0,0.0,0.0,0.0
02-01-2024,0.0,0.0,0.0,0.0,0.0,0.0,0.0,0.0,13.5,46.33,27.83,21.0,27.0,21.5,8.33,1.67,0.0,0.0,0.0,0.0,0.0,0.0,0.0,0.0
03-01-2024,0.0,0.0,0.0,0.0,0.0,0.0,0.0,0.17,9.67,44.17,93.67,116.17,60.0,41.83,12.0,5.83,0.0,0.0,0.0,0.0,0.0,0.0,0.0,0.0
04-01-2024,0.0,0.0,0.0,0.0,0.0,0.0,0.0,0.0,8.67,53.17,88.0,93.17,84.17,88.0,67.67,18.67,0.0,0.0,0.0,0.0,0.0,0.0,0.0,0.0
05-01-2024,0.0,0.0,0.0,0.0,0.0,0.0,0.0,0.33,8.33,31.5,59.0,19.33,33.67,52.0,27.33,7.17,0.0,0.0,0.0,0.0,0.0,0.0,0.0,0.0
06-01-2024,0.0,0.0,0.0,0.0,0.0,0.0,0.0,0.0,2.83,26.5,94.33,52.33,69.83,52.67,55.5,17.83,0.17,0.0,0.0,0.0,0.0,0.0,0.0,0.0
07-01-2024,0.0,0.0,0.0,0.0,0.0,0.0,0.0,0.17,7.0,25.0,55.67,64.67,156.83,146.17,87.0,22.83,0.17,0.0,0.0,0.0,0.0,0.0,0.0,0.0
08-01-2024,0.0,0.0,0.0,0.0,0.0,0.0,0.0,0.17,12.33,51.33,86.5,86.83,119.0,131.67,84.83,14.33,0.0,0.0,0.0,0.0,0.0,0.0,0.0,0.0
09-01-2024,0.0,0.0,0.0,0.0,0.0,0.0,0.0,0.33,38.17,135.5,216.33,265.17,267.0,219.5,134.33,38.5,0.17,0.0,0.0,0.0,0.0,0.0,0.0,0.0
10-01-2024,0.0,0.0,0.0,0.0,0.0,0.0,0.0,0.17,38.5,134.33,212.33,256.17,252.5,203.17,122.33,30.17,0.0,0.0,0.0,0.0,0.0,0.0,0.0,0.0
11-01-2024,0.0,0.0,0.0,0.0,0.0,0.0,0.0,0.33,65.0,194.0,80.5,79.17,89.83,70.5,40.17,9.17,0.17,0.0,0.0,0.0,0.17,0.33,0.0,0.0
12-01-2024,0.0,0.0,0.0,0.0,0.0,0.0,0.0,0.17,8.67,29.0,53.33,64.0,79.0,80.83,59.5,20.0,0.17,0.0,0.0,0.0,0.0,0.0,0.0,0.0
13-01-2024,0.0,0.0,0.0,0.0,0.0,0.0,0.0,0.17,4.0,12.83,22.83,29.67,31.33,22.5,14.0,7.5,0.33,0.0,0.0,0.0,0.0,0.0,0.0,0.0
14-01-2024,0.0,0.0,0.0,0.0,0.0,0.0,0.0,0.17,18.17,48.33,36.0,39.83,67.33,186.33,50.83,14.17,0.67,0.0,0.0,0.0,0.0,0.0,0.0,0.0
15-01-2024,0.0,0.0,0.0,0.0,0.0,0.0,0.0,0.33,24.33,117.33,60.5,111.67,175.67,91.33,78.17,42.0,0.5,0.0,0.0,0.0,0.0,0.0,0.0,0.0
16-01-2024,0.0,0.0,0.0,0.0,0.0,0.0,0.0,0.0,18.5,69.83,243.5,277.83,238.17,226.83,148.17,43.5,0.5,0.0,0.0,0.0,0.0,0.0,0.0,0.0
17-01-2024,0.0,0.0,0.0,0.0,0.0,0.0,0.0,0.17,19.17,57.5,94.17,100.17,93.17,76.0,47.67,15.0,0.33,0.0,0.0,0.0,0.0,0.0,0.0,0.0
18-01-2024,0.0,0.0,0.0,0.0,0.0,0.0,0.0,0.33,113.67,171.5,168.0,261.83,235.83,186.0,111.0,41.83,0.0,0.0,0.0,0.0,0.0,0.0,0.0,0.0
19-01-2024,0.0,0.0,0.0,0.0,0.0,0.0,0.0,1.33,41.83,146.33,232.5,284.5,240.0,231.33,155.67,49.5,2.0,0.0,0.0,0.0,0.0,0.0,0.0,0.0
20-01-2024,0.0,0.0,0.0,0.0,0.0,0.0,0.0,6.83,35.5,122.33,162.67,199.17,266.83,230.0,111.33,38.67,2.17,0.0,0.0,0.0,0.0,0.0,0.0,0.0
21-01-2024,0.0,0.0,0.0,0.0,0.0,0.0,0.0,1.0,18.17,44.0,59.17,71.83,77.0,54.33,43.67,19.17,1.33,0.0,0.0,0.0,0.0,0.0,0.0,0.0
22-01-2024,0.0,0.0,0.0,0.0,0.0,0.0,0.0,0.0,7.5,34.33,203.67,280.33,274.17,216.0,136.17,56.33,3.17,0.0,0.0,0.0,0.0,0.0,0.0,0.0
23-01-2024,0.0,0.0,0.0,0.0,0.0,0.0,0.0,1.17,48.83,154.0,201.83,211.5,133.0,42.33,31.0,9.0,0.17,0.0,0.0,0.0,0.0,0.0,0.0,0.0
24-01-2024,0.0,0.0,0.0,0.0,0.0,0.0,0.0,1.17,32.67,85.17,146.17,184.5,171.5,112.33,72.83,27.17,1.67,0.0,0.0,0.0,0.0,0.0,0.0,0.0
25-01-2024,0.0,0.0,0.0,0.0,0.0,0.0,0.0,2.67,32.5,87.67,72.5,87.67,104.5,110.5,38.67,10.67,0.67,0.0,0.0,0.0,0.0,0.0,0.0,0.0
26-01-2024,0.0,0.0,0.0,0.0,0.0,0.0,0.0,0.5,8.67,76.33,247.17,299.5,305.83,258.83,180.17,75.83,5.5,0.0,0.0,0.0,0.0,0.0,0.0,0.0
27-01-2024,0.0,0.0,0.0,0.0,0.0,0.0,0.0,3.33,77.5,170.67,244.67,290.33,253.83,203.17,126.17,83.33,4.5,0.0,0.0,0.0,0.0,0.0,0.0,0.0
28-01-2024,0.0,0.0,0.0,0.0,0.0,0.0,0.0,4.67,74.33,182.0,271.5,316.5,284.17,196.5,102.33,55.67,6.5,0.0,0.0,0.0,0.0,0.0,0.0,0.0
29-01-2024,0.0,0.0,0.0,0.0,0.0,0.0,0.0,2.67,36.0,138.83,247.33,293.33,288.0,207.5,125.33,76.67,6.0,0.0,0.0,0.0,0.0,0.0,0.0,0.0
30-01-2024,0.0,0.0,0.0,0.0,0.0,0.0,0.0,1.17,11.0,33.5,54.17,76.5,78.83,84.0,45.83,14.67,2.17,0.0,0.0,0.0,0.0,0.0,0.0,0.0
31-01-2024,0.0,0.0,0.0,0.0,0.0,0.0,0.0,0.5,15.83,44.67,50.33,70.5,190.0,94.67,75.0,28.67,3.17,0.0,0.0,0.0,0.0,0.0,0.0,0.0
01-02-2024,0.0,0.0,0.0,0.0,0.0,0.0,0.0,5.67,82.83,174.33,255.83,328.67,243.67,266.67,204.0,82.33,7.5,0.0,0.0,0.0,0.0,0.0,0.0,0.0
02-02-2024,0.0,0.0,0.0,0.0,0.0,0.0,0.0,5.67,54.17,105.67,158.67,109.67,127.33,89.67,51.5,37.17,8.17,0.0,0.0,0.0,0.0,0.0,0.0,0.0
03-02-2024,0.0,0.0,0.0,0.0,0.0,0.0,0.0,1.33,28.17,60.83,67.5,101.67,113.67,135.67,183.67,48.0,9.5,0.0,0.0,0.0,0.0,0.0,0.0,0.0
04-02-2024,0.0,0.0,0.0,0.0,0.0,0.0,0.0,2.0,19.83,29.5,48.5,83.17,116.17,102.0,65.5,71.0,11.17,0.0,0.0,0.0,0.0,0.0,0.0,0.0
05-02-2024,0.0,0.0,0.0,0.0,0.0,0.0,0.0,5.5,32.0,61.5,108.0,189.0,144.5,128.17,49.83,18.83,2.33,0.0,0.0,0.0,0.0,0.0,0.0,0.0
06-02-2024,0.0,0.0,0.0,0.0,0.0,0.0,0.0,1.17,16.67,71.5,188.5,93.33,145.83,97.0,77.17,49.83,6.67,0.0,0.0,0.0,0.0,0.0,0.0,0.0
07-02-2024,0.0,0.0,0.0,0.0,0.0,0.0,0.0,3.5,24.33,83.33,158.67,286.0,297.17,248.83,160.0,69.0,8.83,0.0,0.0,0.0,0.0,0.0,0.0,0.0
08-02-2024,0.0,0.0,0.0,0.0,0.0,0.0,0.0,5.83,25.5,43.83,66.83,79.83,55.17,39.83,25.0,14.5,2.5,0.0,0.0,0.0,0.0,1.0,0.0,0.0
09-02-2024,0.0,0.0,0.0,0.0,0.0,0.0,0.0,7.17,50.83,115.83,144.33,175.17,195.5,222.33,91.67,36.83,4.83,0.0,0.0,0.0,0.0,0.0,0.0,0.0
10-02-2024,0.0,0.0,0.0,0.0,0.0,0.0,0.0,9.5,74.5,49.0,172.17,224.5,174.5,203.33,125.33,57.5,11.83,0.0,0.0,0.0,0.0,0.0,0.0,0.0
11-02-2024,0.0,0.0,0.0,0.0,0.0,0.0,0.0,9.5,59.0,130.5,126.67,58.0,70.17,63.5,69.33,25.17,7.5,0.0,0.0,0.0,0.0,0.0,0.0,0.0
12-02-2024,0.0,0.0,0.0,0.0,0.0,0.0,0.0,18.33,130.83,175.67,213.5,296.0,278.5,129.0,203.0,153.33,23.67,0.0,0.0,0.0,0.0,0.0,0.0,0.0
13-02-2024,0.0,0.0,0.0,0.0,0.0,0.0,0.0,19.0,141.67,223.83,238.67,310.67,232.17,213.67,110.83,26.17,4.0,0.0,0.0,0.0,0.0,0.0,0.0,0.0
14-02-2024,0.0,0.0,0.0,0.0,0.0,0.0,0.0,4.67,22.83,53.17,85.67,76.0,50.33,33.17,35.33,20.0,7.0,0.17,0.0,0.0,0.0,0.0,0.0,0.0
15-02-2024,0.0,0.0,0.0,0.0,0.0,0.0,0.0,4.0,25.17,92.17,196.83,221.6,333.0,273.67,142.33,66.33,15.33,0.0,0.0,0.0,0.0,0.0,0.0,0.0
16-02-2024,0.0,0.0,0.0,0.0,0.0,0.0,0.0,16.17,52.33,36.67,28.83,74.17,157.83,161.17,173.17,72.17,24.5,0.67,0.0,0.0,0.0,0.0,0.0,0.0
17-02-2024,0.0,0.0,0.0,0.0,0.0,0.0,0.0,9.0,38.17,87.67,146.33,188.83,164.33,126.33,200.83,111.5,27.17,0.33,0.0,0.0,0.0,0.0,0.0,0.0
18-02-2024,0.0,0.0,0.0,0.0,0.0,0.0,0.0,2.33,27.17,43.33,50.17,32.17,43.5,54.67,72.17,47.5,11.5,0.67,0.0,0.0,0.0,0.0,0.0,0.0
19-02-2024,0.0,0.0,0.0,0.0,0.0,0.0,0.5,34.67,58.5,77.67,132.17,137.83,53.67,88.67,59.5,37.67,19.83,0.5,0.0,0.0,0.0,0.0,0.0,0.0
20-02-2024,0.0,0.0,0.0,0.0,0.0,0.0,0.0,29.83,78.33,139.83,225.67,331.17,283.33,231.33,113.67,60.67,30.5,0.5,0.0,0.0,0.0,0.0,0.0,0.0
21-02-2024,0.0,0.0,0.0,0.0,0.0,0.0,0.17,11.0,44.5,111.0,112.17,191.33,82.33,52.67,62.83,22.0,5.33,0.0,0.0,0.0,0.0,0.0,0.0,0.0
22-02-2024,0.0,0.0,0.0,0.0,0.0,0.0,0.83,18.67,80.67,221.67,154.17,122.0,83.67,77.17,60.5,25.67,10.0,0.83,0.0,0.0,0.0,0.0,0.0,0.0
23-02-2024,0.0,0.0,0.0,0.0,0.0,0.0,1.67,10.5,29.67,111.33,244.5,222.67,310.33,180.67,130.33,87.33,40.67,2.67,0.0,0.0,0.0,0.0,0.0,0.0
24-02-2024,0.0,0.0,0.0,0.0,0.0,0.0,0.33,27.83,49.5,37.17,54.17,208.83,88.33,135.67,86.17,96.33,46.67,2.5,0.0,0.0,0.0,0.0,0.0,0.0
25-02-2024,0.0,0.0,0.0,0.0,0.0,0.0,1.0,22.83,97.17,255.33,476.67,288.5,291.17,447.83,193.5,211.67,52.17,3.17,0.0,0.0,0.0,0.0,0.0,0.0
26-02-2024,0.0,0.0,0.0,0.0,0.0,0.0,0.17,11.33,37.5,63.67,94.5,104.0,124.5,138.5,154.5,115.5,55.83,4.5,0.0,0.0,0.0,0.0,0.0,0.0
27-02-2024,0.0,0.0,0.0,0.0,0.0,0.0,2.0,79.33,219.67,333.5,368.5,482.33,458.0,457.17,323.33,202.83,53.83,2.83,0.0,0.0,0.0,0.0,0.0,0.0
28-02-2024,0.0,0.0,0.0,0.0,0.0,0.0,0.5,22.17,39.83,132.17,199.17,188.83,121.5,83.0,53.33,34.67,28.5,1.17,0.0,0.0,0.0,0.0,0.0,0.0
29-02-2024,0.0,0.0,0.0,0.0,0.0,0.0,0.67,11.17,35.5,52.17,82.0,117.17,103.5,85.33,58.5,38.83,16.33,1.83,0.0,0.0,0.0,0.0,0.0,0.0
01-03-2024,0.0,0.0,0.0,0.0,0.0,0.0,2.33,81.83,143.83,203.17,425.67,355.5,103.0,89.17,91.17,58.33,32.83,6.0,0.0,0.0,0.0,0.0,0.0,0.0
02-03-2024,0.0,0.0,0.0,0.0,0.0,0.0,3.0,72.0,245.0,371.83,461.67,330.67,507.17,299.17,245.83,117.33,20.83,0.83,0.0,0.0,0.0,0.0,0.0,0.0
03-03-2024,0.0,0.0,0.0,0.0,0.0,0.0,2.5,25.0,87.67,184.17,120.67,181.33,385.33,340.33,157.83,110.17,51.33,1.83,0.0,0.0,0.0,0.0,0.0,0.0
04-03-2024,0.0,0.0,0.0,0.0,0.0,0.0,2.33,35.5,77.83,166.67,493.17,454.17,511.0,460.33,377.17,216.0,74.67,5.0,0.0,0.0,0.0,0.0,0.0,0.0
05-03-2024,0.0,0.0,0.0,0.0,0.0,0.0,0.67,7.33,34.33,108.0,174.17,107.17,119.33,110.33,127.83,93.83,31.67,3.83,0.0,0.0,0.0,0.0,0.0,0.0
06-03-2024,0.0,0.0,0.0,0.0,0.0,0.0,6.5,53.83,194.33,380.67,407.83,502.5,417.0,453.33,471.0,75.0,40.33,8.83,0.0,0.0,0.0,0.0,0.0,0.0
07-03-2024,0.0,0.0,0.0,0.0,0.0,0.0,9.83,106.0,245.67,381.0,478.83,520.83,537.33,346.33,315.5,119.33,63.0,17.33,0.0,0.0,0.0,0.0,0.0,0.0
08-03-2024,0.0,0.0,0.0,0.0,0.0,0.0,13.5,112.5,258.83,398.17,496.83,533.5,536.0,495.83,400.0,272.83,131.0,18.67,0.0,0.0,0.0,0.0,0.0,0.0
09-03-2024,0.0,0.0,0.0,0.0,0.0,0.0,5.33,49.83,264.0,421.17,394.5,397.33,547.83,435.67,350.83,184.67,65.0,9.83,0.0,0.0,0.0,0.0,0.0,0.0
10-03-2024,0.0,0.0,0.0,0.0,0.0,0.0,9.5,57.67,94.83,123.67,157.33,101.33,175.83,213.5,143.5,108.67,74.33,13.17,0.0,0.0,0.0,0.0,0.0,0.0
11-03-2024,0.0,0.0,0.0,0.0,0.0,0.0,3.83,31.33,53.0,64.17,70.17,77.83,114.83,76.67,59.0,64.83,23.17,1.0,0.0,0.0,0.0,0.0,0.0,0.0
12-03-2024,0.0,0.0,0.0,0.0,0.0,0.0,0.83,28.0,91.33,134.33,251.33,314.0,233.33,87.5,61.17,73.33,39.0,6.83,0.0,0.0,0.0,0.0,0.0,0.0
13-03-2024,0.0,0.0,0.0,0.0,0.0,0.0,6.17,34.5,95.0,97.83,138.17,126.17,144.17,181.5,103.17,95.17,49.67,4.0,0.0,0.0,0.0,0.0,0.0,0.0
14-03-2024,0.0,0.0,0.0,0.0,0.0,0.0,28.0,155.83,320.67,454.67,519.17,579.0,490.17,512.67,329.17,236.33,92.33,24.0,0.0,0.0,0.0,0.0,0.0,0.0
15-03-2024,0.0,0.0,0.0,0.0,0.0,0.0,18.83,86.33,193.17,142.5,158.83,341.67,265.17,427.67,310.33,267.33,169.0,27.5,0.17,0.0,0.0,0.0,0.0,0.0
16-03-2024,0.0,0.0,0.0,0.0,0.0,0.0,7.83,57.0,117.0,217.33,217.67,255.17,320.5,442.17,534.0,302.0,150.0,24.83,0.0,0.0,0.0,0.0,0.0,0.0
17-03-2024,0.0,0.0,0.0,0.0,0.0,0.17,21.83,75.33,83.17,231.83,295.67,155.17,270.5,228.67,156.33,54.5,32.33,18.33,0.0,0.0,0.0,0.0,0.0,0.0
18-03-2024,0.0,0.0,0.0,0.0,0.0,0.0,11.67,78.0,233.67,283.17,562.67,592.17,509.67,507.5,232.5,159.83,198.17,33.67,0.0,0.0,0.0,0.0,0.0,0.0
19-03-2024,0.0,0.0,0.0,0.0,0.0,0.0,16.17,43.17,87.33,233.67,418.0,418.67,437.83,313.67,355.0,261.33,141.17,32.17,0.0,0.0,0.0,0.0,0.0,0.0
20-03-2024,0.0,0.0,0.0,0.0,0.0,0.0,40.33,138.0,266.83,342.83,364.83,466.83,480.0,385.0,270.5,146.17,160.83,22.5,0.0,0.0,0.0,0.0,0.0,0.0
21-03-2024,0.0,0.0,0.0,0.0,0.0,0.33,13.67,51.33,108.17,143.17,136.33,159.0,108.5,206.0,216.83,162.5,105.5,40.33,1.17,0.0,0.0,0.0,0.0,0.0
22-03-2024,0.0,0.0,0.0,0.0,0.0,0.5,21.67,27.5,37.5,68.0,97.33,154.0,105.5,104.0,113.17,42.67,32.5,11.17,0.0,0.0,0.0,0.0,0.0,0.0
23-03-2024,0.0,0.0,0.0,0.0,0.0,1.17,66.0,146.33,259.0,356.83,287.0,499.5,404.0,315.0,446.83,310.67,184.33,79.0,1.33,0.0,0.0,0.0,0.0,0.0
24-03-2024,0.0,0.0,0.0,0.0,0.0,1.0,49.67,165.83,174.83,164.83,223.83,237.33,283.67,204.67,184.33,215.17,133.33,47.0,1.0,0.0,0.0,0.0,0.0,0.0
25-03-2024,0.0,0.0,0.0,0.0,0.0,2.83,77.83,223.0,396.5,520.33,604.5,656.17,655.67,471.33,328.67,221.0,157.17,39.67,0.67,0.0,0.0,0.0,0.0,0.0
26-03-2024,0.0,0.0,0.0,0.0,0.0,2.83,71.5,151.83,266.17,257.83,252.83,246.17,354.0,338.0,205.5,176.33,105.67,48.0,1.33,0.0,0.0,0.0,0.0,0.0
27-03-2024,0.0,0.0,0.0,0.0,0.0,1.33,15.67,72.67,134.17,239.83,262.67,315.5,378.67,380.17,440.17,323.67,239.0,98.5,4.0,0.0,0.0,0.0,0.0,0.0
28-03-2024,0.0,0.0,0.0,0.0,0.0,2.17,27.0,33.67,59.17,99.17,229.67,458.0,459.67,469.5,267.83,162.0,222.83,93.5,2.83,0.0,0.0,0.0,0.0,0.0
29-03-2024,0.0,0.0,0.0,0.0,0.0,5.83,46.5,233.0,321.0,280.83,461.33,474.83,497.17,477.5,332.33,211.83,127.17,48.33,1.33,0.0,0.0,0.0,0.0,0.0
30-03-2024,0.0,0.0,0.0,0.0,0.0,0.67,13.33,21.83,34.67,52.33,59.17,59.0,73.0,108.17,74.33,136.67,120.67,64.17,5.83,0.0,0.0,0.0,0.0,0.0
31-03-2024,0.0,0.0,0.0,0.0,0.0,2.83,13.67,105.5,161.67,315.67,579.0,609.33,358.0,212.5,219.83,64.67,34.5,27.17,1.33,0.0,0.0,0.0,0.0,0.0
01-04-2024,0.0,0.0,0.0,0.0,0.0,3.83,55.83,122.17,123.33,170.0,190.33,255.83,384.83,544.83,348.67,325.5,156.83,98.0,4.17,0.0,0.0,0.0,0.0,0.0
02-04-2024,0.0,0.0,0.0,0.0,0.0,7.17,52.83,143.83,212.5,148.17,230.5,235.33,134.17,188.83,269.0,291.33,214.0,55.17,3.83,0.0,0.0,0.0,0.0,0.0
03-04-2024,0.0,0.0,0.0,0.0,0.0,6.5,50.83,73.33,115.67,153.67,143.17,159.67,279.5,189.17,204.83,276.5,126.17,21.83,1.33,0.0,0.0,0.0,0.0,0.0
04-04-2024,0.0,0.0,0.0,0.0,0.0,0.83,16.0,35.83,77.33,414.0,620.17,523.33,619.5,357.67,378.67,318.0,207.33,52.33,4.67,0.0,0.0,0.0,0.0,0.0
05-04-2024,0.0,0.0,0.0,0.0,0.0,18.0,73.5,54.17,41.67,124.5,109.33,121.83,614.67,636.33,547.33,312.83,202.33,67.67,5.83,0.0,0.0,0.0,0.0,0.0
06-04-2024,0.0,0.0,0.0,0.0,0.0,14.0,145.67,283.67,332.5,402.83,533.5,599.67,494.83,519.0,447.5,201.5,108.5,38.5,5.33,0.0,0.0,0.0,0.0,0.0
07-04-2024,0.0,0.0,0.0,0.0,0.0,9.5,133.83,240.67,429.17,487.0,578.5,678.0,639.33,495.0,499.17,290.33,138.17,21.83,1.67,0.0,0.0,0.0,0.0,0.0
08-04-2024,0.0,0.0,0.0,0.0,0.33,18.83,118.83,215.5,378.33,346.83,291.0,361.83,370.83,417.0,275.83,393.33,268.83,99.33,8.33,0.0,0.0,0.0,0.0,0.0
09-04-2024,0.0,0.0,0.0,0.0,0.0,20.0,93.83,179.33,267.33,189.0,217.83,122.67,154.83,339.5,235.0,188.83,72.33,42.0,5.83,0.0,0.0,0.0,0.0,0.0
10-04-2024,0.0,0.0,0.0,0.0,0.0,25.0,165.83,291.67,455.33,604.0,724.5,758.67,750.33,701.17,598.83,363.33,184.83,81.17,12.83,0.0,0.0,0.0,0.0,0.0
11-04-2024,0.0,0.0,0.0,0.0,0.0,2.17,17.17,27.5,77.83,134.83,186.17,280.83,236.5,139.5,123.83,82.33,39.33,25.0,5.17,0.0,0.0,0.0,0.0,0.0
12-04-2024,0.0,0.0,0.0,0.0,0.17,23.5,106.0,273.33,380.67,558.17,641.67,660.67,606.0,633.17,533.17,327.0,210.67,87.5,11.67,0.0,0.0,0.0,0.0,0.0
13-04-2024,0.0,0.0,0.0,0.0,0.0,32.83,132.0,230.17,369.5,488.67,583.0,635.0,626.33,602.83,484.5,362.17,223.17,111.67,19.33,0.0,0.0,0.0,0.0,0.0
14-04-2024,0.0,0.0,0.0,0.0,0.0,19.17,85.17,194.0,313.0,537.17,682.17,740.5,537.83,606.83,452.83,331.67,201.17,67.83,9.67,0.0,0.0,0.0,0.0,0.0
15-04-2024,0.0,0.0,0.0,0.0,0.17,25.67,135.5,141.17,134.83,158.33,256.0,203.67,66.0,187.33,360.83,340.67,188.83,68.67,26.83,0.0,0.0,0.0,0.0,0.0
16-04-2024,0.0,0.0,0.0,0.0,0.17,16.83,67.0,204.5,121.83,157.67,244.17,282.67,165.17,129.17,63.5,93.67,225.0,122.17,22.83,0.0,0.0,0.0,0.0,0.0
17-04-2024,0.33,0.0,0.0,0.0,0.67,68.5,205.83,49.0,304.67,66.83,417.17,518.0,714.33,377.17,189.5,301.17,207.67,67.17,24.5,0.0,0.0,0.0,0.0,0.0
18-04-2024,0.0,0.0,0.0,0.0,1.5,88.5,186.0,296.67,319.17,353.67,697.5,495.83,439.17,663.0,387.0,221.33,195.5,74.17,15.33,0.0,0.0,0.0,0.0,0.0
19-04-2024,0.0,0.0,0.0,0.0,0.5,9.83,27.17,100.33,214.83,271.17,366.83,427.33,625.17,441.33,436.33,301.33,152.5,67.33,18.5,0.17,0.0,0.0,0.0,0.0
20-04-2024,0.0,0.0,0.0,0.0,1.33,28.33,155.83,344.33,272.0,325.67,579.67,509.33,508.0,470.17,394.83,291.0,165.5,93.67,25.17,0.17,0.0,0.0,0.0,0.0
21-04-2024,0.0,0.0,0.0,0.0,3.0,78.83,196.0,366.17,547.5,624.83,705.5,748.5,720.33,696.5,641.83,424.83,303.33,126.67,16.0,0.0,0.0,0.0,0.0,0.0
22-04-2024,0.0,0.0,0.0,0.0,1.17,53.83,146.17,319.83,422.33,426.0,380.0,575.5,426.67,414.5,128.83,303.83,185.5,117.33,37.67,0.17,0.0,0.0,0.0,0.0
23-04-2024,0.0,0.0,0.0,0.0,4.17,98.0,259.83,450.0,501.33,665.17,759.83,771.5,660.67,570.0,543.5,154.17,60.83,64.5,18.17,0.5,0.0,0.0,0.0,0.0
24-04-2024,0.0,0.0,0.0,0.0,4.0,62.5,216.5,206.33,317.17,360.33,455.67,428.17,596.67,657.17,472.33,300.17,254.0,159.67,39.83,0.17,0.0,0.0,0.0,0.0
25-04-2024,0.0,0.0,0.0,0.0,2.17,30.17,75.0,134.33,208.33,153.17,347.33,343.83,339.0,231.33,63.67,39.5,27.17,66.33,7.67,0.0,0.0,0.0,0.0,0.0
26-04-2024,0.0,0.0,0.0,0.0,3.83,85.67,268.33,366.5,473.17,658.17,617.5,829.33,714.67,626.83,499.0,330.33,246.17,127.17,46.67,0.83,0.0,0.0,0.0,0.0
27-04-2024,0.0,0.0,0.0,0.0,2.5,16.0,26.0,99.33,262.33,449.0,426.5,510.0,636.17,189.83,348.5,191.33,91.0,32.33,13.83,0.0,0.0,0.0,0.0,0.0
28-04-2024,0.0,0.0,0.0,0.0,4.0,20.33,94.67,181.67,463.33,179.17,404.0,295.0,175.83,339.0,259.33,61.33,72.5,108.83,47.33,0.83,0.0,0.0,0.0,0.0
29-04-2024,0.0,0.0,0.0,0.0,10.5,25.83,39.17,370.83,579.5,704.83,770.17,841.83,692.17,628.17,646.67,420.5,315.5,107.67,40.0,3.17,0.0,0.0,0.0,0.0
30-04-2024,0.0,0.0,0.0,0.0,0.83,21.17,151.67,273.0,247.17,592.0,609.83,562.67,576.83,542.5,370.5,112.67,144.33,84.0,45.67,1.0,0.0,0.0,0.0,0.0
01-05-2024,0.0,0.0,0.0,0.0,5.0,64.17,240.0,404.17,539.67,658.17,728.0,764.0,771.17,710.0,600.83,441.0,250.5,144.0,44.17,0.67,0.0,0.0,0.0,0.0
02-05-2024,0.0,0.0,0.0,0.0,10.67,89.5,263.17,400.5,495.83,620.5,764.67,767.33,721.17,694.83,599.67,467.17,289.5,56.5,11.33,0.33,0.0,0.0,0.0,0.0
03-05-2024,0.0,0.0,0.0,0.0,3.0,9.0,19.0,32.5,60.83,97.67,81.83,104.0,85.17,125.33,175.0,212.5,168.67,78.67,28.67,1.0,0.0,0.0,0.0,0.0
04-05-2024,0.0,0.0,0.0,0.0,8.17,113.83,248.67,306.17,423.67,468.0,533.0,598.33,383.83,409.5,276.67,24.5,24.67,41.5,34.83,1.33,0.0,0.0,0.0,0.0
05-05-2024,0.0,0.0,0.0,0.0,4.5,99.83,255.17,403.33,527.0,702.67,349.17,364.33,249.17,312.67,165.0,238.0,297.33,215.0,66.0,3.67,0.0,0.0,0.0,0.0
06-05-2024,0.0,0.0,0.0,0.0,6.0,40.33,84.83,266.83,452.83,583.83,625.33,560.33,557.0,582.67,357.17,173.83,96.33,23.67,9.67,0.5,0.0,0.0,0.0,0.0
07-05-2024,0.0,0.0,0.0,0.0,25.5,110.0,241.17,438.83,550.83,697.83,715.5,496.0,831.17,767.33,670.67,535.0,390.33,221.0,69.17,2.67,0.0,0.0,0.0,0.0
08-05-2024,0.0,0.0,0.0,0.0,2.67,22.17,44.83,78.0,159.83,94.5,143.17,162.0,240.5,138.17,132.17,172.67,278.33,264.0,53.67,3.33,0.0,0.0,0.0,0.0
09-05-2024,0.0,0.0,0.0,0.0,18.5,126.83,289.83,431.17,553.5,526.83,373.17,586.83,508.33,610.67,559.67,536.17,383.33,143.5,115.67,7.83,0.0,0.0,0.0,0.0
10-05-2024,0.0,0.0,0.0,0.5,25.17,130.17,284.83,408.33,554.67,666.0,739.5,693.5,551.17,545.83,478.83,355.67,285.5,187.5,89.0,5.0,0.0,0.0,0.0,0.0
11-05-2024,0.0,0.0,0.0,0.0,21.0,101.67,265.83,424.5,512.67,569.17,770.17,814.17,814.17,737.0,642.5,506.0,367.67,209.67,71.67,5.5,0.0,0.0,0.0,0.0
12-05-2024,0.0,0.0,0.0,0.0,30.17,127.83,303.83,452.67,579.17,693.5,773.17,814.67,770.83,708.5,571.0,438.33,371.33,127.5,46.17,4.0,0.0,0.0,0.0,0.0
13-05-2024,0.0,0.0,0.0,0.17,31.33,124.83,343.67,448.0,589.33,568.33,752.33,748.67,402.17,306.33,185.67,416.33,256.17,204.17,87.67,4.5,0.0,0.0,0.0,0.0
14-05-2024,0.0,0.0,0.0,0.17,39.5,162.5,315.17,468.83,618.0,732.5,779.5,832.67,728.67,619.5,618.0,443.83,336.17,152.83,28.5,0.0,0.0,0.0,0.0,0.0
15-05-2024,0.0,0.0,0.0,1.0,33.33,92.17,184.5,261.17,129.0,223.17,255.33,61.83,79.83,66.17,71.17,36.17,57.67,23.67,13.5,2.17,0.17,0.0,0.0,0.0
16-05-2024,0.0,0.0,0.0,0.0,2.17,11.33,39.33,96.83,92.67,131.0,120.17,298.0,779.67,593.67,510.17,357.67,262.5,130.33,53.17,9.0,0.0,0.0,0.0,0.0
17-05-2024,0.0,0.0,0.0,0.33,13.17,32.33,90.33,146.33,303.83,342.83,468.5,698.5,428.33,457.0,389.5,367.5,113.17,31.17,5.83,1.5,0.0,0.0,0.0,0.0
18-05-2024,0.0,0.0,0.0,1.5,20.33,152.67,170.33,342.0,314.17,690.33,784.5,833.83,425.5,775.5,733.83,360.33,379.67,260.17,124.5,26.17,0.0,0.0,0.0,0.0
19-05-2024,0.0,0.0,0.0,0.67,20.17,83.5,106.67,404.17,592.33,656.67,452.33,544.83,964.33,861.83,267.33,163.0,313.0,189.0,94.5,11.5,0.0,0.0,0.0,0.0
20-05-2024,0.0,0.0,0.0,0.17,20.17,42.83,27.0,91.67,176.17,270.67,429.83,411.0,229.5,284.67,369.17,514.33,424.33,201.0,75.67,10.0,0.0,0.0,0.0,0.0
21-05-2024,0.0,0.0,0.0,2.33,46.33,158.83,301.83,369.83,477.17,703.0,718.5,567.83,502.67,369.83,291.17,150.17,24.67,13.33,14.0,1.17,0.0,0.0,0.0,0.0
22-05-2024,0.0,0.0,0.0,0.17,10.0,32.0,93.67,110.83,84.17,119.83,200.0,264.0,316.33,223.83,402.33,248.67,381.83,197.83,37.5,20.5,0.0,0.0,0.0,0.0
23-05-2024,0.0,0.0,0.0,0.5,8.83,26.67,49.83,138.83,198.5,324.5,645.33,725.33,770.67,792.0,681.67,495.33,343.17,235.33,75.17,18.5,0.0,0.0,0.0,0.0
24-05-2024,0.0,0.0,0.0,3.33,55.5,118.0,155.83,246.83,245.0,309.0,271.83,323.67,270.0,272.17,166.0,81.17,36.67,34.33,11.83,1.83,0.0,0.0,0.0,0.0
25-05-2024,0.0,0.0,0.0,0.67,7.5,38.67,133.5,224.17,317.17,461.83,304.83,355.5,365.67,264.5,313.17,460.33,377.0,274.67,110.33,13.5,0.0,0.0,0.0,0.0
26-05-2024,0.0,0.0,0.0,1.83,42.5,178.67,161.0,213.0,235.33,218.33,245.67,241.67,557.0,446.0,739.67,88.17,104.33,171.17,135.33,23.17,0.0,0.0,0.0,0.0
27-05-2024,0.0,0.0,0.0,1.17,33.17,69.17,202.67,374.0,537.0,644.6,628.67,450.83,781.83,689.0,514.5,272.17,172.5,79.33,78.83,22.0,0.0,0.0,0.0,0.0
28-05-2024,0.0,0.0,0.0,1.33,54.67,146.0,241.0,404.67,505.83,659.5,594.67,681.33,555.83,205.0,170.17,128.67,47.5,17.5,27.67,8.33,0.0,0.0,0.0,0.0
29-05-2024,0.0,0.0,0.0,0.33,14.0,29.17,112.17,129.83,248.67,404.0,247.5,366.0,545.67,584.5,670.83,588.5,423.17,260.17,88.17,22.5,0.0,0.0,0.0,0.0
30-05-2024,0.0,0.0,0.0,1.0,14.0,44.0,132.83,313.67,643.17,621.33,382.67,273.67,252.17,330.33,299.17,470.0,231.33,91.17,21.17,3.5,0.17,0.0,0.0,0.0
31-05-2024,0.0,0.0,0.0,0.17,4.17,12.5,93.83,231.0,216.83,446.17,433.83,437.5,419.17,512.17,166.33,174.67,279.67,172.0,83.33,21.17,0.5,0.0,0.0,0.0
01-06-2024,0.0,0.0,0.0,0.0,3.5,23.5,77.17,73.0,109.67,164.17,176.67,198.67,168.17,141.33,136.17,138.17,62.5,34.83,18.17,5.0,0.0,0.0,0.0,0.0
02-06-2024,0.0,0.0,0.0,1.5,26.17,48.83,61.5,124.83,205.83,265.0,578.5,637.17,768.0,588.83,676.67,499.83,230.33,119.0,51.83,9.83,0.0,0.0,0.0,0.0
03-06-2024,0.0,0.0,0.0,2.67,58.0,144.67,163.5,273.67,394.83,426.33,365.67,423.83,408.67,499.83,293.5,276.17,226.67,150.0,65.17,16.67,0.0,0.0,0.0,0.0
04-06-2024,0.0,0.0,0.0,1.5,23.17,32.17,118.0,232.33,161.17,219.17,455.67,348.67,321.0,498.83,531.17,251.83,134.33,39.33,59.0,18.83,0.17,0.0,0.0,0.0
05-06-2024,0.0,0.0,0.0,3.0,39.0,156.17,338.33,517.33,702.5,779.17,746.67,929.17,874.0,613.17,712.67,622.0,470.67,302.83,150.5,30.17,0.33,0.0,0.0,0.0
06-06-2024,0.0,0.0,0.0,2.17,34.67,177.67,210.67,490.0,438.83,483.67,318.67,306.33,584.0,838.67,752.0,595.33,444.5,279.67,112.5,27.0,0.0,0.0,0.0,0.0
07-06-2024,0.0,0.0,0.0,2.83,64.5,172.83,329.33,403.5,599.0,448.17,145.67,517.33,877.17,798.0,742.0,613.33,464.83,308.17,155.5,30.5,0.0,0.0,0.0,0.0
08-06-2024,0.0,0.0,0.0,4.33,48.5,82.67,104.0,236.5,251.5,509.5,496.17,886.5,611.0,725.33,652.0,290.17,172.33,93.67,116.17,31.17,0.17,0.0,0.0,0.0
09-06-2024,0.0,0.0,0.0,3.67,55.0,201.33,377.67,547.5,714.33,800.33,555.0,664.5,252.0,288.67,751.33,455.0,242.83,174.67,50.17,8.5,0.17,0.0,0.0,0.0
10-06-2024,0.0,0.0,0.0,0.5,8.0,18.67,53.83,79.5,105.17,210.0,227.67,568.67,310.33,394.5,222.33,278.67,265.0,92.67,55.0,29.5,0.83,0.0,0.0,0.0
11-06-2024,0.0,0.0,0.0,1.5,69.0,103.83,339.0,541.83,308.83,539.83,724.83,662.17,707.67,798.83,453.0,439.67,429.17,297.67,60.83,10.33,1.0,0.0,0.0,0.0
12-06-2024,0.0,0.0,0.0,1.67,61.0,114.17,241.33,358.5,477.0,541.83,410.33,427.17,463.0,329.33,532.5,413.17,192.5,116.5,64.5,11.83,0.0,0.0,0.0,0.0
13-06-2024,0.0,0.0,0.0,2.0,33.0,168.33,362.0,519.5,648.67,452.33,533.5,495.33,545.83,476.33,593.0,494.5,220.0,114.33,65.83,16.17,0.0,0.0,0.0,0.0
14-06-2024,0.0,0.0,0.0,1.5,19.67,27.83,48.67,86.17,171.0,178.83,199.67,413.0,459.5,360.67,289.0,352.83,299.33,227.5,113.83,17.17,0.0,0.0,0.0,0.0
15-06-2024,0.0,0.0,0.0,1.83,20.83,36.5,109.5,255.5,288.5,490.5,549.33,492.33,228.5,243.67,364.67,184.0,106.33,307.5,94.67,24.67,0.83,0.0,0.0,0.0
16-06-2024,0.0,0.0,0.0,3.83,42.67,148.83,118.5,394.67,355.33,429.5,633.5,479.5,600.5,341.67,715.17,554.5,491.33,333.17,171.5,39.33,1.33,0.0,0.0,0.0
17-06-2024,0.0,0.0,0.0,3.0,33.5,87.83,299.83,537.67,693.33,863.0,700.5,490.17,851.17,865.5,755.67,627.33,476.83,323.67,197.67,61.17,2.5,0.0,0.0,0.0
18-06-2024,0.0,0.0,0.0,5.67,23.67,47.0,110.67,171.67,170.33,191.0,210.17,233.5,171.67,115.5,92.67,187.67,285.0,76.83,48.67,14.17,3.5,0.0,0.0,0.0
19-06-2024,0.0,0.0,0.0,4.17,64.17,172.17,356.83,513.33,565.67,443.5,652.0,635.5,892.17,842.67,752.83,630.0,484.5,332.17,177.17,52.67,1.0,0.0,0.0,0.0
20-06-2024,0.0,0.0,0.0,6.5,38.33,89.67,208.33,174.67,207.5,473.67,495.67,781.0,601.0,661.5,600.0,339.5,134.33,131.83,165.17,28.5,2.17,0.0,0.0,0.0
21-06-2024,0.0,0.0,0.0,3.0,17.33,24.83,55.83,95.17,79.0,123.17,159.17,150.33,74.17,140.5,120.67,138.0,168.83,74.33,49.67,62.83,2.33,0.0,0.0,0.0
22-06-2024,0.0,0.0,0.0,4.33,82.5,94.67,255.0,227.0,415.17,559.5,572.5,724.33,401.5,510.83,631.83,601.33,491.0,316.0,155.17,42.33,0.5,0.0,0.0,0.0
23-06-2024,0.0,0.0,0.0,4.67,68.5,201.67,362.83,501.17,638.67,683.0,593.0,952.83,726.67,881.0,722.0,611.83,474.5,312.33,168.5,47.33,0.83,0.0,0.0,0.0
24-06-2024,0.0,0.0,0.0,4.0,56.0,192.5,360.0,500.17,639.67,764.5,850.33,881.0,873.0,815.17,726.0,597.0,452.83,295.5,150.83,40.5,0.5,0.0,0.0,0.0
25-06-2024,0.0,0.0,0.0,4.17,66.0,194.67,348.0,495.67,638.0,759.33,836.0,892.83,805.33,692.33,668.0,589.67,455.83,303.0,159.33,42.0,0.67,0.0,0.0,0.0
26-06-2024,0.0,0.0,0.0,4.33,67.33,195.17,343.17,492.83,635.67,758.83,848.83,845.5,873.5,826.0,724.67,603.17,470.0,309.83,157.0,40.83,0.5,0.0,0.0,0.0
27-06-2024,0.0,0.0,0.0,3.5,55.5,169.0,303.33,483.17,640.83,755.5,831.0,740.0,757.33,713.17,643.17,470.0,401.33,282.0,102.0,25.83,1.67,0.0,0.0,0.0
28-06-2024,0.0,0.0,0.0,2.5,55.0,157.83,373.83,428.33,367.83,666.0,809.33,911.83,824.33,698.67,653.5,566.17,406.33,278.83,177.83,43.83,0.83,0.0,0.0,0.0
29-06-2024,0.0,0.0,0.0,5.83,53.33,165.0,301.83,477.5,518.67,729.67,731.5,911.5,853.17,787.0,702.17,422.83,167.83,46.33,14.0,12.0,0.33,0.0,0.0,0.0
30-06-2024,0.0,0.0,0.0,1.33,38.33,78.33,155.83,222.33,498.83,542.83,776.67,813.33,688.17,403.83,294.17,262.83,184.33,44.17,16.0,5.0,0.5,0.0,0.0,0.0
01-07-2024,0.0,0.0,0.0,2.0,72.5,271.33,357.17,278.67,373.5,539.67,718.0,615.5,826.83,729.0,583.0,524.67,501.17,302.33,170.0,19.5,0.5,0.0,0.0,0.0
02-07-2024,0.0,0.0,0.0,0.5,14.0,43.83,173.5,168.67,201.83,180.33,284.5,308.5,345.5,425.0,498.0,322.83,252.5,216.83,120.83,18.83,0.5,0.0,0.0,0.0
03-07-2024,0.0,0.0,0.0,6.0,35.83,34.83,26.17,67.17,85.5,132.0,212.5,351.5,407.0,746.67,287.33,204.33,256.83,75.83,20.83,15.17,0.0,0.0,0.0,0.0
04-07-2024,0.0,0.0,0.0,0.83,16.0,86.83,214.5,337.0,623.33,717.83,690.5,861.67,970.33,888.5,742.33,657.0,462.67,263.0,146.5,30.67,0.67,0.0,0.0,0.0
05-07-2024,0.0,0.0,0.0,0.67,2.5,23.17,98.67,113.83,238.17,120.33,196.83,191.0,134.67,149.17,140.67,104.5,38.0,26.5,8.17,16.0,0.17,0.0,0.0,0.0
06-07-2024,0.33,0.17,0.0,0.17,29.5,58.0,90.33,150.5,155.67,308.5,666.5,720.5,696.5,603.67,509.0,410.33,405.33,300.33,141.67,17.17,0.33,0.0,0.0,0.0
07-07-2024,0.0,0.0,0.0,1.5,57.5,198.17,290.17,263.0,375.17,324.0,261.83,356.83,200.33,202.33,129.33,403.17,310.83,173.0,27.83,36.0,0.0,0.0,0.0,0.0
08-07-2024,0.0,0.0,0.0,1.0,58.0,186.67,308.0,237.83,357.67,522.17,578.0,770.67,607.83,332.0,243.5,318.83,185.33,126.17,46.0,8.83,0.0,0.0,0.0,0.0
09-07-2024,0.0,0.0,0.0,1.17,40.67,167.5,271.5,377.83,331.83,466.0,714.17,491.83,564.0,337.17,159.33,270.0,79.5,6.0,5.5,1.83,0.33,0.0,0.0,0.0
10-07-2024,0.0,0.0,0.0,0.17,17.67,155.83,183.83,138.0,241.33,303.67,460.17,539.0,568.83,731.67,622.33,480.5,480.0,309.83,143.5,38.67,0.67,0.0,0.0,0.0
11-07-2024,0.0,0.0,0.0,1.0,24.33,100.17,278.5,284.83,242.83,285.67,289.83,419.17,252.17,654.83,407.0,564.83,337.5,176.5,148.83,35.0,0.0,0.0,0.0,0.0
12-07-2024,0.0,0.0,0.0,1.33,17.83,40.83,63.0,83.67,55.33,49.67,67.67,144.83,184.5,307.17,154.0,163.83,146.83,109.5,45.67,11.0,0.0,0.0,0.0,0.0
13-07-2024,0.0,0.0,0.0,0.5,12.83,31.5,143.17,188.5,204.33,222.83,268.33,334.17,368.17,291.83,317.33,243.5,422.67,183.0,104.5,33.0,0.17,0.0,0.0,0.0
14-07-2024,0.0,0.0,0.0,1.17,41.0,165.0,294.5,463.0,618.17,697.33,733.0,665.33,905.0,690.0,518.83,402.0,359.83,204.5,111.17,23.17,0.17,0.0,0.0,0.0
15-07-2024,0.0,0.0,0.0,0.5,38.33,155.67,296.0,459.17,601.83,714.5,647.17,792.33,746.17,605.67,319.33,289.33,73.33,42.83,23.67,2.0,0.17,0.17,0.0,0.0
16-07-2024,0.0,0.0,0.0,0.17,28.83,117.83,173.67,290.83,255.0,447.5,411.33,252.17,366.33,444.5,376.5,187.33,278.83,236.83,44.67,11.67,0.17,0.0,0.0,0.0
17-07-2024,0.0,0.0,0.0,0.5,17.0,79.0,242.83,360.17,501.67,514.33,691.33,752.0,862.0,803.0,708.17,586.33,455.33,298.0,137.83,22.33,0.0,0.0,0.0,0.0
18-07-2024,0.0,0.0,0.0,0.33,34.17,138.5,246.33,416.67,610.5,724.5,681.67,643.33,654.0,537.0,510.67,505.83,309.67,280.83,127.67,35.0,0.33,0.0,0.0,0.0
19-07-2024,0.0,0.0,0.0,1.0,21.17,62.17,135.0,162.0,240.83,413.0,307.0,546.67,901.17,873.5,725.0,523.0,397.0,261.0,115.33,22.33,0.0,0.0,0.0,0.0
20-07-2024,0.0,0.0,0.0,0.17,33.67,142.33,288.33,441.5,583.67,704.5,749.0,746.33,702.17,638.33,497.0,496.83,421.0,281.0,126.17,28.83,0.0,0.0,0.0,0.0
21-07-2024,0.0,0.0,0.0,0.83,15.83,93.33,96.0,27.33,171.33,212.17,470.33,247.67,404.5,357.33,505.0,230.33,254.5,185.83,67.17,17.5,0.0,0.0,0.0,0.0
22-07-2024,0.0,0.0,0.0,0.17,25.5,119.83,269.0,226.33,236.33,360.33,679.33,825.67,853.5,473.83,318.33,195.67,110.67,82.17,24.5,14.33,0.0,0.0,0.0,0.0
23-07-2024,0.0,0.0,0.0,0.0,15.0,43.83,73.5,141.0,105.17,114.67,240.17,333.33,550.17,439.83,232.33,509.67,407.33,108.5,44.5,9.33,0.0,0.0,0.0,0.0
24-07-2024,0.0,0.0,0.0,0.0,8.0,67.83,232.5,284.0,535.0,718.17,686.67,739.67,848.17,780.0,704.5,577.17,424.17,257.67,109.33,17.17,0.0,0.0,0.0,0.0
25-07-2024,0.0,0.0,0.0,0.0,8.33,44.67,84.0,160.5,201.33,379.83,562.67,434.33,312.5,322.33,218.83,94.83,137.17,77.5,22.0,2.5,0.0,0.0,0.0,0.0
26-07-2024,0.0,0.0,0.0,0.0,10.67,71.5,58.67,251.83,408.0,573.5,476.67,692.67,740.33,758.0,540.67,439.5,296.0,117.83,82.5,24.0,0.0,0.0,0.0,0.0
27-07-2024,0.0,0.0,0.0,0.0,18.17,114.83,272.17,440.5,602.5,704.83,623.0,571.5,494.17,444.83,259.5,394.67,234.17,292.83,119.0,11.67,0.0,0.0,0.0,0.0
28-07-2024,0.0,0.0,0.0,0.0,24.67,147.33,271.33,446.17,595.67,716.5,799.17,787.5,839.0,790.33,703.5,575.67,422.83,211.67,100.83,16.83,0.0,0.0,0.0,0.0
29-07-2024,0.0,0.0,0.0,0.0,21.0,128.83,282.67,445.33,597.17,719.67,800.67,828.17,825.17,779.17,682.17,556.67,407.83,252.5,107.67,9.17,0.0,0.0,0.0,0.0
30-07-2024,0.0,0.0,0.0,0.0,16.83,118.67,264.33,410.67,555.5,663.83,773.5,809.83,806.0,704.5,651.5,536.17,403.67,248.17,60.17,9.83,0.0,0.0,0.0,0.0
31-07-2024,0.0,0.0,0.0,0.0,12.83,64.83,129.5,297.0,453.83,407.33,401.17,631.5,516.33,534.0,429.67,459.0,355.0,224.5,94.83,13.33,0.0,0.0,0.0,0.0
01-08-2024,0.0,0.0,0.0,0.0,16.5,45.5,67.5,128.67,229.0,286.67,380.67,223.67,179.0,307.0,285.17,249.17,227.83,181.5,50.83,6.67,0.0,0.0,0.0,0.0
02-08-2024,0.0,0.0,0.0,0.0,8.33,43.83,175.0,388.17,521.33,521.5,522.0,601.5,573.33,702.5,562.33,447.33,331.0,228.83,53.83,5.17,0.0,0.0,0.0,0.0
03-08-2024,0.0,0.0,0.0,0.0,6.0,75.5,244.67,365.5,485.0,600.17,484.17,327.17,598.67,364.0,152.67,156.17,298.83,130.5,85.33,8.83,0.0,0.0,0.0,0.0
04-08-2024,0.0,0.0,0.0,0.0,9.83,97.0,205.67,217.67,370.0,293.0,325.17,443.67,435.33,582.33,294.17,334.33,357.17,136.5,48.5,6.17,0.0,0.0,0.0,0.0
05-08-2024,0.0,0.0,0.0,0.0,11.0,86.33,179.67,315.5,420.67,706.83,647.0,802.5,795.67,737.83,666.5,545.33,393.17,238.17,88.17,5.17,0.0,0.0,0.0,0.0
06-08-2024,0.0,0.0,0.0,0.0,10.67,98.33,248.33,396.33,537.33,632.0,748.5,779.33,801.33,497.0,579.83,509.33,313.33,217.67,90.0,4.0,0.0,0.0,0.0,0.0
07-08-2024,0.0,0.0,0.0,0.0,3.33,24.0,128.83,235.83,414.0,501.17,717.5,693.33,826.5,776.17,684.83,547.5,311.67,225.0,71.83,3.0,0.0,0.0,0.0,0.0
08-08-2024,0.0,0.0,0.0,0.0,4.33,79.17,210.83,390.33,440.0,636.33,685.0,772.33,838.17,746.67,586.17,404.33,197.33,204.33,36.17,2.17,0.0,0.0,0.0,0.0
09-08-2024,0.0,0.0,0.0,0.0,0.5,11.0,28.33,70.67,87.17,220.5,326.83,503.83,705.0,709.83,710.5,492.17,355.0,228.5,69.0,3.67,0.0,0.0,0.0,0.0
10-08-2024,0.0,0.0,0.0,0.0,6.5,91.83,240.83,401.0,529.67,632.17,693.0,723.33,754.0,717.0,486.0,380.33,197.83,107.67,38.33,0.67,0.0,0.0,0.0,0.0
11-08-2024,0.0,0.0,0.0,0.0,8.67,78.33,232.0,388.33,538.17,658.17,524.17,659.17,827.33,744.67,630.17,518.17,368.0,213.33,65.83,2.5,0.0,0.0,0.0,0.0
12-08-2024,0.0,0.0,0.0,0.0,6.5,86.5,234.17,386.5,535.67,656.17,743.67,786.67,783.0,724.67,630.67,495.33,341.67,188.67,55.0,2.5,0.0,0.0,0.0,0.0
13-08-2024,0.0,0.0,0.0,0.0,3.83,82.67,207.67,176.33,324.0,320.5,534.0,501.17,462.83,410.17,586.0,245.5,335.5,109.83,31.17,0.0,0.0,0.0,0.0,0.0
14-08-2024,0.0,0.0,0.0,0.0,0.67,6.17,35.5,170.83,340.17,248.83,317.67,230.0,157.17,136.5,234.5,198.33,170.17,141.0,45.5,4.5,0.0,0.0,0.0,0.0
15-08-2024,0.0,0.0,0.0,0.0,3.17,74.5,184.17,256.67,295.67,334.67,434.67,290.6,315.5,497.17,543.5,498.5,332.67,186.33,50.17,1.33,0.0,0.0,0.0,0.0
16-08-2024,0.0,0.0,0.0,0.0,0.5,12.0,36.83,80.5,157.5,252.33,222.83,285.33,281.0,210.83,418.33,409.17,205.17,98.0,47.33,3.17,0.0,0.0,0.0,0.0
17-08-2024,0.0,0.0,0.0,0.0,2.67,74.5,217.5,359.5,536.0,639.0,713.17,725.67,761.17,724.0,640.67,465.67,253.17,181.5,51.83,0.5,0.0,0.0,0.0,0.0
18-08-2024,0.0,0.0,0.0,0.0,0.67,64.5,179.67,235.5,436.67,526.5,435.33,501.17,659.67,496.33,463.5,444.0,313.17,157.0,35.17,0.17,0.0,0.0,0.0,0.0
19-08-2024,0.0,0.0,0.0,0.0,2.0,46.5,159.33,303.5,424.83,537.33,652.17,704.17,671.83,645.5,519.67,372.5,268.17,137.83,19.83,0.0,0.0,0.0,0.0,0.0
20-08-2024,0.0,0.0,0.0,0.0,1.33,34.0,167.0,253.67,221.67,356.5,433.83,499.67,130.0,87.5,57.83,47.83,11.67,8.83,10.5,0.17,0.0,0.0,0.0,0.0
21-08-2024,0.17,0.0,0.0,0.0,1.5,55.0,213.67,290.5,271.83,675.0,438.17,709.0,616.5,638.33,394.83,433.67,306.83,171.67,38.83,0.17,0.0,0.0,0.0,0.0
22-08-2024,0.0,0.0,0.0,0.0,0.5,43.83,178.83,347.17,514.0,354.5,421.83,436.83,423.33,370.83,242.0,228.0,58.17,62.83,13.83,0.0,0.0,0.0,0.0,0.0
23-08-2024,0.0,0.0,0.0,0.0,0.67,33.83,53.67,228.0,167.0,141.83,145.83,181.83,521.83,350.0,599.5,470.0,292.83,105.33,28.17,0.0,0.0,0.0,0.0,0.0
24-08-2024,0.0,0.0,0.0,0.0,0.0,4.17,34.67,54.5,114.83,215.5,309.67,311.5,487.0,321.0,275.5,78.0,24.0,11.33,5.33,0.0,0.0,0.0,0.0,0.0
25-08-2024,0.0,0.0,0.0,0.0,0.33,48.67,185.5,353.33,390.67,415.17,608.83,644.83,679.5,567.33,556.83,302.83,252.17,98.67,30.5,0.0,0.0,0.0,0.0,0.0
26-08-2024,0.0,0.0,0.0,0.0,0.33,20.0,106.0,241.5,359.17,457.67,469.5,407.0,484.5,465.67,512.33,257.33,224.17,121.5,13.33,0.0,0.0,0.0,0.0,0.0
27-08-2024,0.0,0.0,0.0,0.0,0.33,47.33,163.33,327.5,462.0,528.5,670.67,718.83,718.0,666.0,574.17,443.33,277.67,133.5,18.5,0.0,0.0,0.0,0.0,0.0
28-08-2024,0.0,0.0,0.0,0.0,0.17,42.83,167.17,330.17,480.67,599.83,681.83,718.17,705.33,658.33,562.33,427.67,269.5,123.33,16.33,0.0,0.0,0.0,0.0,0.0
29-08-2024,0.0,0.0,0.0,0.0,0.17,33.17,189.0,296.5,407.0,467.0,570.33,601.67,565.0,377.83,287.67,380.83,170.83,76.83,15.83,0.0,0.0,0.0,0.0,0.0
30-08-2024,0.0,0.0,0.0,0.0,0.0,18.33,67.67,185.33,481.33,571.67,639.83,552.83,615.5,566.0,344.17,217.5,158.5,49.83,7.83,0.0,0.0,0.0,0.0,0.0
31-08-2024,0.0,0.0,0.0,0.0,0.0,14.5,56.5,188.83,437.33,575.17,658.0,671.0,677.17,619.5,482.83,327.17,243.33,90.67,9.83,0.0,0.0,0.0,0.0,0.0
01-09-2024,0.0,0.0,0.0,0.0,0.17,7.5,65.5,347.17,417.0,501.67,563.17,638.33,641.5,603.5,503.83,387.17,225.5,98.0,8.83,0.0,0.0,0.0,0.0,0.0
02-09-2024,0.0,0.0,0.0,0.0,0.0,25.67,114.33,290.33,415.33,517.0,636.83,673.83,600.5,569.5,397.0,173.33,59.5,46.17,6.83,0.0,0.0,0.0,0.0,0.0
03-09-2024,0.0,0.0,0.0,0.0,0.17,14.0,63.5,168.5,259.17,217.33,170.67,248.33,173.67,269.17,117.17,81.33,39.83,15.33,1.5,0.0,0.0,0.0,0.0,0.0
04-09-2024,0.0,0.0,0.0,0.0,0.0,10.0,86.83,140.33,287.67,292.33,198.83,422.0,210.67,336.17,187.33,75.0,102.17,30.67,1.67,0.0,0.0,0.0,0.0,0.0
05-09-2024,0.0,0.0,0.0,0.0,0.0,17.67,47.17,50.83,101.5,201.17,368.67,523.67,621.5,576.67,481.83,368.17,230.5,88.83,4.5,0.0,0.0,0.0,0.0,0.0
06-09-2024,0.0,0.0,0.0,0.0,0.0,17.67,116.67,260.0,402.83,521.83,596.0,536.67,440.67,402.83,337.0,157.17,95.67,25.67,0.0,0.0,0.0,0.0,0.0,0.0
07-09-2024,0.0,0.0,0.0,0.0,0.0,4.83,31.0,197.83,261.67,462.5,544.17,613.67,668.17,554.5,533.67,375.83,170.33,32.0,1.17,0.0,0.0,0.0,0.0,0.0
08-09-2024,0.0,0.0,0.0,0.0,0.0,7.67,53.67,294.83,445.83,433.17,515.5,455.67,480.17,484.67,233.83,247.83,84.33,58.0,1.83,0.0,0.0,0.0,0.0,0.0
09-09-2024,0.0,0.0,0.0,0.0,0.0,6.33,51.17,140.0,178.0,154.17,424.5,472.83,439.5,515.5,450.33,86.67,55.67,13.17,1.17,0.0,0.0,0.0,0.0,0.0
10-09-2024,0.0,0.0,0.0,0.0,0.0,9.5,95.33,252.83,232.5,131.67,126.5,46.0,71.33,107.33,85.17,47.67,22.0,8.5,0.83,0.0,0.0,0.0,0.0,0.0
11-09-2024,0.0,0.0,0.0,0.0,0.0,15.0,133.5,214.5,168.5,446.83,434.17,323.17,617.83,280.67,172.83,282.67,13.5,28.0,0.33,0.0,0.0,0.0,0.0,0.0
12-09-2024,0.0,0.0,0.0,0.0,0.0,18.33,94.17,208.0,317.0,427.0,238.0,134.17,220.33,609.0,425.5,322.67,151.0,32.0,0.33,0.0,0.0,0.0,0.0,0.0
13-09-2024,0.0,0.0,0.0,0.0,0.0,15.83,132.5,255.0,393.0,452.67,271.67,355.67,418.5,324.33,361.0,311.5,170.67,56.67,0.0,0.0,0.0,0.0,0.0,0.0
14-09-2024,0.0,0.0,0.0,0.0,0.0,11.67,116.17,273.17,374.83,493.67,469.17,441.83,411.83,204.33,265.0,210.83,121.83,31.33,0.17,0.0,0.0,0.0,0.0,0.0
15-09-2024,0.0,0.0,0.0,0.0,0.0,11.67,71.5,202.5,353.33,358.33,210.67,336.0,270.33,302.67,444.17,359.5,129.17,27.0,0.17,0.0,0.0,0.0,0.0,0.0
16-09-2024,0.0,0.0,0.0,0.5,0.83,2.67,28.5,106.17,174.0,381.67,391.83,377.83,437.17,572.0,440.33,336.33,145.33,43.5,0.0,0.0,0.0,0.0,0.0,0.0
17-09-2024,0.17,0.0,0.0,0.0,0.0,3.83,44.17,153.17,325.83,341.5,287.33,534.0,315.0,256.5,282.33,245.33,110.5,32.5,0.67,0.0,0.0,0.0,0.0,0.0
18-09-2024,0.0,0.0,0.0,0.0,0.0,4.83,77.17,128.17,250.67,513.0,553.83,538.17,566.17,506.17,415.17,296.83,153.33,36.5,0.0,0.0,0.0,0.0,0.0,0.0
19-09-2024,0.0,0.0,0.0,0.0,0.0,4.67,72.0,211.67,357.67,474.33,560.83,595.33,585.5,513.0,416.0,286.67,140.83,27.33,0.0,0.0,0.0,0.0,0.0,0.0
20-09-2024,0.0,0.0,0.0,0.0,0.0,4.83,74.0,210.17,355.5,480.17,563.0,594.17,580.67,517.17,422.17,297.83,152.33,29.33,0.0,0.0,0.0,0.0,0.0,0.0
21-09-2024,0.0,0.0,0.0,0.0,0.0,3.67,80.5,218.67,355.67,442.83,565.67,590.17,576.83,504.5,399.0,269.33,130.33,21.83,0.33,0.0,0.0,0.0,0.0,0.0
22-09-2024,0.0,0.0,0.0,0.0,0.0,4.17,65.83,153.67,174.83,450.33,400.0,405.5,298.0,129.67,83.0,57.83,28.33,7.83,0.0,0.0,0.0,0.0,0.0,0.0
23-09-2024,0.0,0.0,0.0,0.0,0.0,0.5,16.67,111.0,256.33,390.83,397.5,541.0,437.83,231.83,224.5,221.33,64.83,9.83,0.0,0.0,0.0,0.0,0.0,0.0
24-09-2024,0.0,0.0,0.0,0.0,0.0,0.67,23.83,68.5,120.5,176.67,264.33,343.67,244.83,142.67,93.33,57.33,25.5,6.33,0.0,0.0,0.0,0.0,0.0,0.0
25-09-2024,0.0,0.0,0.0,0.0,0.0,0.0,11.17,33.5,220.5,216.67,138.5,636.17,378.17,280.33,200.5,81.67,46.67,5.33,0.0,0.0,0.0,0.0,0.0,0.0
26-09-2024,0.0,0.0,0.0,0.0,0.0,1.33,28.5,158.33,152.67,157.17,301.17,188.0,67.67,223.5,178.5,225.5,40.83,1.33,0.0,0.0,0.0,0.0,0.0,0.0
27-09-2024,0.0,0.0,0.0,0.0,0.0,0.5,12.67,56.17,128.33,99.5,107.33,76.83,57.17,73.83,40.67,61.0,23.0,3.17,0.0,0.0,0.0,0.0,0.0,0.0
28-09-2024,0.0,0.0,0.0,0.0,0.0,0.83,27.5,165.17,222.33,295.5,408.33,365.33,415.5,240.67,106.33,97.83,91.17,6.83,0.0,0.0,0.0,0.0,0.0,0.0
29-09-2024,0.0,0.0,0.0,0.0,0.0,1.0,61.83,202.83,341.0,375.67,424.17,284.67,249.33,231.0,146.33,137.5,68.0,8.17,0.0,0.0,0.0,0.0,0.0,0.0
30-09-2024,0.0,0.0,0.0,0.0,0.0,0.83,33.83,58.5,56.67,78.33,118.67,141.33,103.67,100.33,77.33,29.83,12.83,1.5,0.0,0.0,0.0,0.0,0.0,0.0
01-10-2024,0.0,0.0,0.0,0.0,0.0,0.17,12.83,45.0,52.67,82.0,60.5,67.67,72.67,119.17,72.83,36.17,35.0,5.83,0.0,0.0,0.0,0.0,0.0,0.0
02-10-2024,0.0,0.0,0.0,0.0,0.0,0.33,7.83,31.33,86.17,153.0,228.67,176.0,207.0,156.17,135.33,69.0,23.0,1.83,0.0,0.0,0.0,0.0,0.0,0.0
03-10-2024,0.0,0.0,0.0,0.0,0.0,0.17,53.33,188.67,322.5,439.83,407.17,404.5,476.83,390.17,298.0,236.17,84.83,3.17,0.0,0.0,0.0,0.0,0.0,0.0
04-10-2024,0.0,0.0,0.0,0.0,0.0,0.17,45.17,168.5,317.0,436.33,516.5,548.33,525.83,468.17,400.33,184.17,59.5,1.33,0.0,0.0,0.0,0.0,0.0,0.0
05-10-2024,0.0,0.0,0.0,0.0,0.17,0.0,40.33,170.67,309.83,428.0,498.83,524.67,505.17,459.5,356.0,215.83,76.0,1.67,0.0,0.0,0.0,0.0,0.0,0.0
06-10-2024,0.0,0.0,0.0,0.0,0.0,0.67,26.33,84.83,260.5,248.83,401.33,430.5,302.17,464.5,331.83,208.0,46.83,2.17,0.0,0.0,0.0,0.0,0.0,0.0
07-10-2024,0.0,0.0,0.0,0.0,0.0,0.0,26.33,143.33,271.17,352.67,378.5,381.0,451.0,387.67,171.83,134.83,35.0,0.17,0.0,0.0,0.0,0.0,0.0,0.0
08-10-2024,0.0,0.0,0.0,0.0,0.0,0.0,15.83,72.33,187.17,369.83,341.0,292.83,208.83,203.83,127.33,145.17,69.33,1.83,0.0,0.0,0.0,0.0,0.0,0.0
09-10-2024,0.0,0.0,0.0,0.0,0.0,0.0,8.83,42.0,215.33,148.33,146.67,117.17,97.0,91.0,67.5,47.33,13.0,0.0,0.0,0.0,0.0,0.0,0.0,0.0
10-10-2024,0.0,0.0,0.0,0.0,0.0,0.0,9.83,62.67,220.17,228.17,259.0,279.5,285.67,118.33,73.5,89.17,10.33,0.0,0.0,0.0,0.0,0.0,0.0,0.0
11-10-2024,0.0,0.0,0.0,0.0,0.0,0.0,13.83,109.0,215.83,152.5,325.83,253.83,298.0,144.83,113.0,96.83,59.67,0.0,0.0,0.0,0.0,0.0,0.0,0.0
12-10-2024,0.0,0.0,0.0,0.0,0.0,0.0,13.33,84.33,127.0,140.5,169.33,194.17,212.5,267.33,147.5,53.33,31.83,0.17,0.0,0.0,0.0,0.0,0.0,0.0
13-10-2024,0.0,0.0,0.0,0.0,0.0,0.0,10.17,85.0,251.33,283.17,212.0,181.0,133.33,193.67,209.5,93.5,35.33,0.0,0.0,0.0,0.0,0.0,0.0,0.0
14-10-2024,0.0,0.0,0.0,0.0,0.0,0.0,5.5,36.67,79.83,65.0,101.0,85.5,149.33,371.17,274.0,166.17,37.5,0.0,0.0,0.0,0.0,0.0,0.0,0.0
15-10-2024,0.0,0.0,0.0,0.0,0.0,0.0,14.5,96.5,194.5,284.67,335.33,381.17,227.0,278.33,226.0,104.5,23.5,0.0,0.0,0.0,0.0,0.0,0.0,0.0
16-10-2024,0.0,0.0,0.0,0.0,0.0,0.0,7.67,75.83,227.17,351.5,257.0,177.17,302.0,335.0,205.33,124.0,24.0,0.0,0.0,0.0,0.0,0.0,0.0,0.0
17-10-2024,0.0,0.0,0.0,0.0,0.0,0.0,1.17,19.4,115.33,321.83,173.17,130.5,130.17,146.17,111.67,61.5,5.67,0.0,0.0,0.0,0.0,0.0,0.0,0.0
18-10-2024,0.0,0.0,0.0,0.0,0.0,0.0,6.83,50.0,44.83,150.67,262.67,421.17,247.0,79.67,33.17,67.33,13.17,0.0,0.0,0.0,0.0,0.0,0.0,0.0
19-10-2024,0.0,0.0,0.0,0.0,0.0,0.0,3.67,26.33,104.67,195.17,245.17,132.5,161.67,160.17,95.0,53.33,10.33,0.0,0.0,0.0,0.0,0.0,0.0,0.0
20-10-2024,0.0,0.0,0.0,0.0,0.0,0.0,3.83,37.0,95.5,201.67,262.83,279.67,287.67,106.67,46.17,29.0,3.0,0.0,0.0,0.0,0.0,0.0,0.0,0.0
21-10-2024,0.0,0.0,0.0,0.0,0.0,0.0,1.17,28.5,65.5,88.83,88.17,189.83,109.83,92.17,45.17,24.5,2.0,0.0,0.0,0.0,0.0,0.0,0.0,0.0
22-10-2024,0.0,0.0,0.0,0.0,0.0,0.0,6.83,88.33,219.17,264.83,335.5,286.67,264.33,258.5,231.83,116.83,13.0,0.0,0.0,0.0,0.0,0.0,0.0,0.0
23-10-2024,0.0,0.0,0.0,0.0,0.17,0.0,3.5,30.67,128.5,309.0,343.33,247.0,161.33,136.33,56.17,41.67,15.17,0.0,0.0,0.0,0.0,0.0,0.0,0.0
24-10-2024,0.0,0.0,0.0,0.0,0.0,0.0,6.0,92.17,218.83,329.17,405.17,432.0,408.17,335.5,230.0,106.33,12.5,0.0,0.0,0.0,0.0,0.0,0.0,0.0
25-10-2024,0.0,0.0,0.0,0.0,0.0,0.0,5.0,77.0,193.17,272.67,329.0,310.0,382.17,310.33,209.0,81.83,7.5,0.0,0.0,0.0,0.0,0.0,0.0,0.0
26-10-2024,0.0,0.0,0.17,0.0,0.0,0.0,1.83,60.67,194.0,295.67,365.33,275.83,369.5,312.0,130.5,70.5,8.0,0.0,0.0,0.0,0.0,0.0,0.0,0.0
27-10-2024,0.0,0.0,0.0,0.0,0.0,0.0,0.83,31.0,191.17,293.33,364.33,342.67,344.17,259.17,172.33,47.33,5.83,0.0,0.0,0.0,0.0,0.0,0.0,0.0
28-10-2024,0.0,0.0,0.0,0.0,0.0,0.0,4.67,44.33,81.83,84.17,101.83,108.33,86.83,79.5,96.17,32.17,5.17,0.0,0.0,0.0,0.0,0.0,0.0,0.0
29-10-2024,0.0,0.0,0.0,0.0,0.0,0.0,0.67,16.0,43.33,61.0,61.83,44.17,72.67,60.17,24.83,26.67,3.17,0.0,0.0,0.0,0.0,0.0,0.0,0.0
30-10-2024,0.0,0.0,0.0,0.0,0.0,0.0,1.67,30.17,81.33,170.17,187.5,264.5,201.83,27.67,31.0,13.67,1.83,0.0,0.0,0.0,0.0,0.0,0.0,0.0
31-10-2024,0.0,0.0,0.0,0.0,0.0,0.0,0.67,17.33,52.0,73.83,120.83,105.5,116.67,92.67,68.17,24.67,2.0,0.0,0.0,0.0,0.0,0.0,0.0,0.0
01-11-2024,0.0,0.0,0.67,0.83,0.0,0.0,0.5,9.5,28.67,34.67,42.67,51.83,44.5,41.5,19.5,11.33,1.0,0.0,0.0,0.0,0.0,0.0,0.0,0.0
02-11-2024,0.0,0.0,0.0,0.0,0.0,0.0,0.67,24.17,80.0,101.83,176.17,234.83,232.17,167.5,84.0,39.5,3.0,0.0,0.0,0.0,0.0,0.0,0.0,0.0
03-11-2024,0.0,0.0,0.0,0.0,0.0,0.0,0.67,50.83,154.0,243.17,318.17,358.33,331.83,281.67,175.5,66.17,2.17,0.0,0.0,0.0,0.0,0.0,0.0,0.0
04-11-2024,0.0,0.0,0.0,0.0,0.0,0.0,0.83,41.17,147.0,260.0,327.83,351.67,322.33,269.17,153.17,69.17,2.33,0.0,0.0,0.0,0.0,0.0,0.0,0.0
05-11-2024,0.0,0.0,0.0,0.0,0.0,0.0,0.33,37.17,128.67,242.67,306.17,329.33,305.33,247.67,100.67,17.33,1.33,0.0,0.0,0.0,0.0,0.0,0.0,0.0
06-11-2024,0.0,0.0,0.0,0.0,0.0,0.0,0.17,11.67,50.33,81.0,111.67,115.67,94.17,74.0,42.33,16.67,0.67,0.0,0.0,0.0,0.0,0.0,0.0,0.0
07-11-2024,0.0,0.0,0.0,0.0,0.0,0.0,0.17,5.5,19.83,38.33,58.0,64.0,60.83,49.33,29.0,9.67,0.5,0.0,0.0,0.0,0.0,0.0,0.0,0.0
08-11-2024,0.0,0.0,0.0,0.0,0.0,0.0,0.0,4.33,19.67,35.83,48.67,51.17,52.17,39.83,25.33,7.0,0.17,0.0,0.0,0.0,0.0,0.0,0.0,0.0
09-11-2024,0.0,0.0,0.0,0.0,0.0,0.0,0.0,3.67,16.5,46.0,25.33,35.33,38.33,36.0,31.67,7.83,0.17,0.0,0.0,0.0,0.0,0.0,0.0,0.0
10-11-2024,0.0,0.0,0.0,0.0,0.0,0.0,0.0,12.5,44.67,76.5,135.33,143.83,134.67,91.5,44.17,11.67,0.17,0.0,0.0,0.0,0.0,0.0,0.0,0.67
11-11-2024,0.0,0.0,0.0,0.0,0.0,0.0,0.0,27.33,120.5,229.33,172.17,296.33,210.83,104.5,131.83,23.33,0.33,0.0,0.0,0.0,0.0,0.0,0.0,0.0
12-11-2024,0.0,0.0,0.0,0.0,0.0,0.0,0.0,15.5,40.83,54.33,153.67,233.83,295.67,240.67,146.83,44.33,0.33,0.0,0.0,0.0,0.0,0.0,0.0,0.0
13-11-2024,0.0,0.0,0.0,0.0,0.0,0.0,0.0,12.5,55.83,102.17,142.0,131.17,80.17,88.17,76.5,22.0,0.17,0.0,0.0,0.0,0.0,0.0,0.0,0.0
14-11-2024,0.0,0.0,0.0,0.0,0.0,0.0,0.0,10.0,49.5,118.83,75.83,98.17,97.0,62.5,56.67,23.67,0.33,0.0,0.0,0.0,0.0,0.0,0.0,0.0
15-11-2024,0.0,0.0,0.0,0.0,0.0,0.0,0.0,7.83,37.5,80.5,125.33,108.5,90.5,56.33,41.5,13.5,0.17,0.0,0.0,0.0,0.0,0.0,0.0,0.0
16-11-2024,0.0,0.0,0.0,0.0,0.0,0.0,0.0,8.67,28.67,25.17,41.83,92.67,59.83,36.17,22.0,6.67,0.0,0.0,0.0,0.0,0.0,0.0,0.0,0.0
17-11-2024,0.0,0.0,0.0,0.0,0.0,0.0,0.0,8.17,76.83,198.67,160.83,105.17,261.0,183.0,127.0,26.5,0.0,0.0,0.0,0.0,0.0,0.0,0.0,0.0
18-11-2024,0.0,0.0,0.0,0.0,0.0,0.0,0.0,11.83,59.5,204.5,236.33,141.5,208.17,111.17,65.67,16.0,0.0,0.0,0.0,0.0,0.0,0.0,0.0,0.0
19-11-2024,0.0,0.0,0.0,0.0,0.0,0.67,0.17,0.67,9.17,17.83,28.33,33.17,75.83,141.0,71.5,16.0,0.0,0.0,0.0,0.0,0.0,0.0,0.0,0.0
20-11-2024,0.0,0.0,0.0,0.0,0.0,0.0,0.0,0.0,5.5,12.83,13.0,35.5,56.33,245.33,106.67,17.0,0.0,0.0,0.0,0.0,0.0,0.0,0.0,0.0
21-11-2024,0.0,0.0,0.0,0.0,0.0,0.0,0.0,3.17,52.17,82.33,89.83,147.2,160.5,142.0,52.33,14.0,0.0,0.0,0.0,0.0,0.33,0.0,0.0,0.0
22-11-2024,0.0,0.0,0.0,0.0,0.0,0.0,0.0,6.0,18.17,77.17,126.83,104.83,106.5,98.5,16.67,1.33,0.0,0.0,0.0,0.0,0.0,0.0,0.0,0.0
23-11-2024,0.0,0.0,0.0,0.0,0.0,0.0,0.0,3.17,20.0,45.0,52.0,60.0,78.83,42.33,28.33,2.83,0.0,0.0,0.0,0.0,0.33,0.0,0.0,0.0
24-11-2024,0.0,0.0,0.0,0.0,0.0,0.0,0.0,4.33,35.33,91.5,173.17,218.33,180.0,114.5,92.0,16.67,0.0,0.0,0.0,0.0,0.0,0.0,0.0,0.0
25-11-2024,0.0,0.0,0.0,0.0,0.0,0.0,0.0,0.33,3.67,20.83,37.5,52.0,48.83,31.67,19.0,7.67,0.17,0.0,0.0,0.0,0.0,0.0,0.0,0.0
26-11-2024,0.0,0.0,0.0,0.0,0.0,0.0,0.0,3.67,35.83,76.0,148.67,177.5,181.83,101.0,52.0,11.17,0.0,0.0,0.0,0.0,0.0,0.0,0.0,0.0
27-11-2024,0.0,0.0,0.0,0.0,0.0,0.0,0.0,0.67,5.5,24.33,23.67,31.5,24.83,14.33,11.0,3.5,0.0,0.0,0.0,0.0,0.0,0.0,0.0,0.0
28-11-2024,0.0,0.0,0.0,0.0,0.0,0.0,0.0,5.17,62.5,165.67,224.5,198.5,190.67,116.0,42.0,11.0,0.0,0.0,0.0,0.0,0.0,0.0,0.0,0.0
29-11-2024,0.0,0.0,0.0,0.0,0.0,0.0,0.0,6.83,96.83,162.83,230.5,261.17,245.67,200.83,89.83,21.33,0.0,0.0,0.0,0.0,0.0,0.0,0.0,0.0
30-11-2024,0.0,0.0,0.0,0.0,0.0,0.0,0.0,3.67,35.67,139.67,225.83,182.83,74.33,51.5,20.5,4.33,0.0,0.0,0.0,0.0,0.0,0.0,0.0,0.0
01-12-2024,0.0,0.0,0.0,0.0,0.0,0.0,0.0,5.17,75.17,153.33,204.67,237.67,206.0,120.5,46.83,3.17,0.0,0.0,0.0,0.0,0.0,0.0,0.0,0.0
02-12-2024,0.0,0.0,0.0,0.0,0.0,0.0,0.0,3.83,45.17,57.0,65.67,86.83,78.83,114.83,60.0,6.33,0.0,0.0,0.0,0.0,0.0,0.0,0.0,0.0
03-12-2024,0.0,0.0,0.0,0.0,0.0,0.0,0.0,3.67,21.5,157.0,176.67,176.17,86.33,90.0,57.5,9.83,0.0,0.0,0.0,0.0,0.0,0.0,0.0,0.0
04-12-2024,0.0,0.0,0.17,0.17,0.0,0.0,0.0,1.33,24.0,59.0,40.0,47.17,70.83,87.17,88.5,8.83,0.0,0.0,0.0,0.0,0.0,0.0,0.0,0.0
05-12-2024,0.0,0.0,0.0,0.0,0.0,0.0,0.0,0.0,3.0,18.5,31.5,23.67,22.83,24.83,27.17,2.67,0.0,0.0,0.0,0.0,0.0,0.0,0.0,0.0
06-12-2024,0.0,0.0,0.0,0.0,0.0,0.0,0.0,0.0,20.0,50.83,65.17,67.5,98.0,101.83,40.0,5.33,0.0,0.0,0.0,0.0,0.0,0.0,0.0,0.0
07-12-2024,0.0,0.0,0.0,0.0,0.0,0.0,0.0,1.0,24.5,50.33,103.0,200.5,68.67,51.17,12.33,3.0,0.0,0.0,0.0,0.0,0.0,0.0,0.0,0.0
08-12-2024,0.0,0.0,0.0,0.0,0.0,0.0,0.0,1.0,18.67,34.83,53.67,86.17,70.17,45.0,31.33,6.0,0.0,0.0,0.0,0.0,0.0,0.0,0.0,0.0
09-12-2024,0.0,0.0,0.0,0.0,0.0,0.0,0.0,0.5,18.5,38.0,29.67,62.2,44.33,33.83,9.5,2.0,0.0,0.0,0.0,0.0,0.0,0.0,0.0,0.0
10-12-2024,0.0,0.0,0.0,0.0,0.0,0.0,0.0,0.0,4.83,22.0,32.67,32.67,30.83,22.33,12.17,1.67,0.0,0.0,0.0,0.0,0.0,0.0,0.0,0.0
11-12-2024,0.0,0.0,0.0,0.0,0.0,0.0,0.0,0.17,5.33,12.5,25.0,30.33,30.0,11.83,6.5,1.5,0.0,0.0,0.0,0.0,0.0,0.0,0.0,0.0
12-12-2024,0.0,0.0,0.0,0.0,0.0,0.0,0.0,0.5,9.17,33.67,38.17,40.67,44.67,28.17,16.83,3.67,0.0,0.0,0.0,0.0,0.0,0.0,0.0,0.0
13-12-2024,0.0,0.0,0.0,0.0,0.0,0.0,0.0,0.17,5.33,21.67,41.33,43.5,29.83,17.0,8.0,1.17,0.0,0.0,0.0,0.0,0.0,0.0,0.0,0.0
14-12-2024,0.0,0.0,0.0,0.0,0.0,0.0,0.0,0.17,10.67,32.67,70.5,77.83,52.0,56.0,14.83,4.17,0.0,0.0,0.0,0.0,0.0,0.0,0.0,0.0
15-12-2024,0.0,0.0,0.0,0.0,0.0,0.0,0.0,0.17,10.17,26.67,37.0,34.83,36.17,35.5,15.67,2.83,0.0,0.0,0.0,0.0,0.0,0.0,0.0,0.0
16-12-2024,0.0,0.0,0.0,0.0,0.0,0.0,0.0,0.17,9.67,25.33,41.67,38.5,40.17,34.0,13.33,2.83,0.0,0.0,0.0,0.0,0.0,0.0,0.0,0.0
17-12-2024,0.0,0.0,0.0,0.0,0.0,0.0,0.0,0.83,14.67,83.0,84.83,49.33,43.33,49.17,44.17,14.5,0.0,0.0,0.0,0.0,0.0,0.0,0.0,0.0
18-12-2024,0.0,0.0,0.0,0.0,0.0,0.0,0.0,0.0,3.67,27.67,35.83,40.5,38.17,38.5,26.67,5.5,0.0,0.0,0.0,0.0,0.0,0.0,0.0,0.0
19-12-2024,0.0,0.0,0.0,0.0,0.0,0.0,0.0,0.0,9.67,32.5,39.67,38.67,27.0,16.33,46.17,10.0,0.0,0.0,0.0,0.0,0.0,0.0,0.0,0.0
20-12-2024,0.0,0.0,0.0,0.0,0.0,0.0,0.0,0.33,32.5,122.17,160.33,172.33,134.67,60.17,34.5,9.33,0.0,0.0,0.0,0.0,0.0,0.0,0.0,0.0
21-12-2024,0.0,0.0,0.0,0.0,0.0,0.0,0.0,0.33,11.17,31.17,57.33,40.67,41.0,36.33,10.67,2.33,0.17,0.0,0.0,0.0,0.0,0.0,0.0,0.0
22-12-2024,0.0,0.0,0.0,0.0,0.0,0.0,0.0,0.17,10.0,27.33,74.17,95.67,99.17,68.83,60.33,11.67,0.0,0.0,0.0,0.0,0.0,0.0,0.17,0.0
23-12-2024,0.0,0.0,0.0,0.0,0.0,0.0,0.0,0.17,26.33,105.0,144.17,105.5,103.33,63.33,23.17,8.5,0.0,0.0,0.0,0.0,0.0,0.0,0.0,0.0
24-12-2024,0.0,0.0,0.0,0.5,0.17,0.0,0.0,0.0,6.17,15.0,35.33,40.17,33.67,39.5,16.33,1.83,0.0,0.0,0.0,0.0,0.0,0.0,0.0,0.0
25-12-2024,0.0,0.0,0.0,0.0,0.0,0.0,0.0,0.17,4.5,18.83,26.83,30.0,31.67,26.5,13.33,2.83,0.0,0.0,0.0,0.0,0.0,0.0,0.0,0.0
26-12-2024,0.0,0.0,0.0,0.0,0.0,0.0,0.0,0.0,6.0,22.17,23.83,28.0,39.17,31.67,15.33,3.0,0.0,0.0,0.0,0.0,0.0,0.0,0.0,0.0
27-12-2024,0.0,0.0,0.0,0.0,0.0,0.0,0.0,0.17,8.0,29.5,42.17,59.17,49.17,37.83,18.17,3.17,0.0,0.0,0.0,0.0,0.0,0.0,0.0,0.0
28-12-2024,0.0,0.0,0.0,0.0,0.0,0.0,0.0,0.33,12.83,37.67,67.17,97.5,91.0,78.67,37.5,7.33,0.0,0.0,0.0,0.0,0.0,0.0,0.0,0.0
29-12-2024,0.0,0.0,0.0,0.0,0.0,0.0,0.0,0.0,3.17,13.33,29.5,28.5,33.0,23.83,16.33,3.17,0.0,0.0,0.0,0.0,0.0,0.0,0.0,0.0
30-12-2024,0.0,0.0,0.0,0.0,0.0,0.0,0.0,0.0,5.17,22.0,39.17,44.83,50.5,46.0,32.83,11.5,0.0,0.0,0.0,0.0,0.0,0.0,0.0,0.0
31-12-2024,0.0,0.0,0.0,0.0,0.0,0.0,0.0,0.17,6.0,32.83,53.83,65.33,44.5,40.17,41.17,9.33,0.0,0.0,0.0,0.0,0.0,0.0,0.0,0.0
